timestamp,open,high,low,close,volume
2026-02-06 04:00:00+00:00,451.4,474.2,449.3,466.2,22264.548
2026-02-06 08:00:00+00:00,466.2,475.3,465.4,472.9,13136.724
2026-02-06 12:00:00+00:00,472.8,504.6,469.4,491.5,14793.671
2026-02-06 16:00:00+00:00,491.5,506.6,489.8,501.6,11457.187
2026-02-06 20:00:00+00:00,501.6,542.8,497.4,523.2,24984.652
2026-02-07 00:00:00+00:00,523.1,537.1,518.6,526.1,19996.968
2026-02-07 04:00:00+00:00,526.0,533.3,514.2,520.2,11006.882
2026-02-07 08:00:00+00:00,520.2,526.2,514.3,518.2,7697.898
2026-02-07 12:00:00+00:00,518.2,530.9,517.9,527.4,10015.313
2026-02-07 16:00:00+00:00,527.4,536.2,521.3,534.6,20044.652
2026-02-07 20:00:00+00:00,534.6,540.5,520.6,525.1,8862.562
2026-02-08 00:00:00+00:00,525.2,526.9,519.1,519.6,3593.762
2026-02-08 04:00:00+00:00,519.6,524.5,516.8,524.0,6205.766
2026-02-08 08:00:00+00:00,524.0,532.5,521.1,527.1,5123.38
2026-02-08 12:00:00+00:00,527.1,540.8,524.1,530.8,14586.165
2026-02-08 16:00:00+00:00,530.7,533.4,523.2,532.4,2383.441
2026-02-08 20:00:00+00:00,532.5,536.0,523.7,527.0,2838.272
2026-02-09 00:00:00+00:00,527.0,532.0,521.8,529.4,5294.9
2026-02-09 04:00:00+00:00,529.4,531.0,521.1,521.5,4338.819
2026-02-09 08:00:00+00:00,521.5,522.4,511.2,518.1,5030.426
2026-02-09 12:00:00+00:00,518.2,525.0,513.9,524.8,6427.007
2026-02-09 16:00:00+00:00,524.8,535.4,523.5,535.1,6388.773
2026-02-09 20:00:00+00:00,535.2,538.0,528.9,533.0,3911.174
2026-02-10 00:00:00+00:00,533.0,534.3,520.1,523.7,5667.367
2026-02-10 04:00:00+00:00,523.7,527.5,518.2,520.2,6600.41
2026-02-10 08:00:00+00:00,520.3,532.2,519.7,529.6,5037.171
2026-02-10 12:00:00+00:00,529.6,531.8,511.8,517.6,9066.052
2026-02-10 16:00:00+00:00,517.6,523.0,513.2,520.4,6758.409
2026-02-10 20:00:00+00:00,520.3,526.2,518.1,524.3,5258.781
2026-02-11 00:00:00+00:00,524.3,528.0,518.0,520.9,3989.132
2026-02-11 04:00:00+00:00,520.9,522.6,513.8,517.6,7615.142
2026-02-11 08:00:00+00:00,517.7,517.8,508.2,513.8,3378.007
2026-02-11 12:00:00+00:00,513.7,523.2,507.6,511.1,15094.865
2026-02-11 16:00:00+00:00,511.0,520.7,509.9,518.8,3840.897
2026-02-11 20:00:00+00:00,518.7,524.4,512.4,516.2,5015.814
2026-02-12 00:00:00+00:00,516.2,521.0,514.4,515.4,3647.381
2026-02-12 04:00:00+00:00,515.3,515.7,504.5,510.9,3805.889
2026-02-12 08:00:00+00:00,510.9,515.9,508.1,514.0,4733.518
2026-02-12 12:00:00+00:00,513.9,518.2,503.2,503.7,3551.585
2026-02-12 16:00:00+00:00,503.7,505.6,493.8,501.9,5065.664
2026-02-12 20:00:00+00:00,501.9,508.2,497.4,503.0,5094.997
2026-02-13 00:00:00+00:00,503.0,513.9,499.9,512.7,3420.745
2026-02-13 04:00:00+00:00,512.7,514.8,507.7,512.2,2790.725
2026-02-13 08:00:00+00:00,512.2,529.1,512.1,527.9,4704.362
2026-02-13 12:00:00+00:00,527.9,546.7,523.9,544.2,12444.686
2026-02-13 16:00:00+00:00,544.2,559.6,541.6,557.7,8106.561
2026-02-13 20:00:00+00:00,557.7,570.0,549.6,563.9,20836.542
2026-02-14 00:00:00+00:00,563.9,567.4,560.1,563.5,7113.264
2026-02-14 04:00:00+00:00,563.4,564.9,558.2,563.1,4423.05
2026-02-14 08:00:00+00:00,563.1,572.6,562.9,565.2,7426.239
2026-02-14 12:00:00+00:00,565.2,565.5,557.6,564.5,4645.571
2026-02-14 16:00:00+00:00,564.4,569.5,561.4,568.9,3791.235
2026-02-14 20:00:00+00:00,568.9,569.3,562.2,562.9,3071.0
2026-02-15 00:00:00+00:00,563.0,565.8,555.9,562.9,3603.362
2026-02-15 04:00:00+00:00,562.9,566.6,560.6,561.4,1981.216
2026-02-15 08:00:00+00:00,561.4,563.2,556.0,560.6,3751.797
2026-02-15 12:00:00+00:00,560.7,562.3,551.5,558.1,4767.44
2026-02-15 16:00:00+00:00,558.2,559.6,550.4,552.6,6640.341
2026-02-15 20:00:00+00:00,552.6,558.4,551.2,553.5,1653.777
2026-02-16 00:00:00+00:00,553.5,563.2,553.1,562.9,3591.457
2026-02-16 04:00:00+00:00,562.9,573.5,555.4,557.8,6956.505
2026-02-16 08:00:00+00:00,557.7,559.4,554.2,558.3,1550.924
2026-02-16 12:00:00+00:00,558.3,570.6,551.5,556.2,5237.381
2026-02-16 16:00:00+00:00,556.2,576.2,556.0,571.1,5918.533
2026-02-16 20:00:00+00:00,571.2,581.5,567.2,569.2,8706.691
2026-02-17 00:00:00+00:00,569.2,578.0,565.0,566.5,5863.35
2026-02-17 04:00:00+00:00,566.4,567.0,559.4,560.0,4098.958
2026-02-17 08:00:00+00:00,560.0,560.9,555.6,557.7,2684.609
2026-02-17 12:00:00+00:00,557.8,566.7,549.5,558.0,5814.669
2026-02-17 16:00:00+00:00,558.1,570.8,558.0,566.9,5761.15
2026-02-17 20:00:00+00:00,566.9,569.7,562.5,563.4,1578.286
2026-02-18 00:00:00+00:00,563.5,564.9,556.2,564.2,3048.837
2026-02-18 04:00:00+00:00,564.1,570.2,563.6,566.8,2971.803
2026-02-18 08:00:00+00:00,566.9,569.5,556.0,559.1,4063.814
2026-02-18 12:00:00+00:00,559.0,563.5,551.2,560.0,4460.154
2026-02-18 16:00:00+00:00,560.0,565.0,552.3,554.2,4825.008
2026-02-18 20:00:00+00:00,554.3,558.4,550.6,558.0,2430.134
2026-02-19 00:00:00+00:00,557.9,561.0,555.0,557.2,3144.327
2026-02-19 04:00:00+00:00,557.3,564.9,554.6,561.9,3069.383
2026-02-19 08:00:00+00:00,561.8,562.0,544.4,547.7,6414.093
2026-02-19 12:00:00+00:00,547.7,551.8,538.7,549.2,9755.93
2026-02-19 16:00:00+00:00,549.1,563.3,546.1,559.4,4274.385
2026-02-19 20:00:00+00:00,559.4,563.3,555.7,560.4,3089.663
2026-02-20 00:00:00+00:00,560.2,563.7,558.7,561.6,2253.327
2026-02-20 04:00:00+00:00,561.7,564.5,554.3,559.3,3931.074
2026-02-20 08:00:00+00:00,559.3,561.3,552.2,553.4,4668.3
2026-02-20 12:00:00+00:00,553.5,561.3,540.8,556.3,40660.38
2026-02-20 16:00:00+00:00,556.3,570.7,554.5,560.2,11984.21
2026-02-20 20:00:00+00:00,560.2,563.2,555.7,562.4,3178.404
2026-02-21 00:00:00+00:00,562.5,567.9,558.5,565.1,3165.515
2026-02-21 04:00:00+00:00,565.2,568.1,562.3,565.0,1484.631
2026-02-21 08:00:00+00:00,565.1,571.4,563.1,567.7,3820.948
2026-02-21 12:00:00+00:00,567.7,577.0,566.8,573.2,5216.06
2026-02-21 16:00:00+00:00,573.3,573.5,563.1,564.4,4317.369
2026-02-21 20:00:00+00:00,564.4,566.3,563.3,564.1,1784.956
2026-02-22 00:00:00+00:00,564.1,570.4,559.0,569.5,6770.027
2026-02-22 04:00:00+00:00,569.6,586.2,566.0,580.9,21055.825
2026-02-22 08:00:00+00:00,580.9,581.1,567.8,575.5,8227.768
2026-02-22 12:00:00+00:00,575.6,575.8,568.0,569.4,3994.724
2026-02-22 16:00:00+00:00,569.3,577.0,566.0,567.2,7423.652
2026-02-22 20:00:00+00:00,567.3,573.8,566.7,570.7,2972.276
2026-02-23 00:00:00+00:00,570.8,570.8,536.4,540.3,17991.438
2026-02-23 04:00:00+00:00,540.3,544.2,538.0,542.8,4674.634
2026-02-23 08:00:00+00:00,542.7,546.6,537.9,540.2,10962.895
2026-02-23 12:00:00+00:00,540.2,541.0,530.0,535.5,7524.983
2026-02-23 16:00:00+00:00,535.4,535.8,509.0,510.0,10697.819
2026-02-23 20:00:00+00:00,510.0,510.6,487.3,495.8,24172.056
2026-02-24 00:00:00+00:00,495.7,499.1,483.5,484.6,18780.43
2026-02-24 04:00:00+00:00,484.7,493.0,481.0,481.3,8821.45
2026-02-24 08:00:00+00:00,481.3,486.4,476.1,479.0,13034.981
2026-02-24 12:00:00+00:00,479.0,481.7,472.8,475.6,13760.431
2026-02-24 16:00:00+00:00,475.7,494.8,470.8,483.0,14599.018
2026-02-24 20:00:00+00:00,483.0,486.8,480.4,484.8,3613.104
2026-02-25 00:00:00+00:00,484.8,506.4,483.9,499.5,10209.157
2026-02-25 04:00:00+00:00,499.4,501.3,487.5,490.9,3816.98
2026-02-25 08:00:00+00:00,490.9,494.9,485.9,487.3,3791.971
2026-02-25 12:00:00+00:00,487.3,520.3,487.1,517.4,19063.343
2026-02-25 16:00:00+00:00,517.4,520.0,510.9,515.8,8165.045
2026-02-25 20:00:00+00:00,515.7,518.0,490.8,492.9,8710.242
2026-02-26 00:00:00+00:00,492.8,502.8,491.0,500.2,8272.796
2026-02-26 04:00:00+00:00,500.2,505.8,499.0,501.6,4012.816
2026-02-26 08:00:00+00:00,501.6,503.1,496.5,501.1,4548.228
2026-02-26 12:00:00+00:00,501.0,502.5,487.2,489.6,5142.632
2026-02-26 16:00:00+00:00,489.6,490.1,479.2,482.6,5728.964
2026-02-26 20:00:00+00:00,482.5,483.6,476.6,478.4,2271.214
2026-02-27 00:00:00+00:00,478.4,482.3,475.4,481.0,2616.332
2026-02-27 04:00:00+00:00,480.9,491.1,478.8,481.6,7031.925
2026-02-27 08:00:00+00:00,481.5,486.1,471.0,474.5,4451.141
2026-02-27 12:00:00+00:00,474.4,475.5,461.4,465.8,9343.239
2026-02-27 16:00:00+00:00,465.7,468.8,460.7,463.3,5506.04
2026-02-27 20:00:00+00:00,463.3,465.0,455.1,461.5,3220.737
2026-02-28 00:00:00+00:00,461.4,464.6,460.4,461.9,1552.767
2026-02-28 04:00:00+00:00,461.9,461.9,440.7,446.2,14006.169
2026-02-28 08:00:00+00:00,446.1,448.6,439.6,445.2,5203.695
2026-02-28 12:00:00+00:00,445.3,452.7,441.8,444.8,6659.781
2026-02-28 16:00:00+00:00,444.8,452.2,441.1,449.1,7552.714
2026-02-28 20:00:00+00:00,449.1,468.4,447.7,457.6,7919.412
2026-03-01 00:00:00+00:00,457.6,466.9,451.4,461.5,4774.43
2026-03-01 04:00:00+00:00,461.5,462.1,449.7,453.0,3199.284
2026-03-01 08:00:00+00:00,453.1,454.1,444.7,446.5,3725.352
2026-03-01 12:00:00+00:00,446.4,454.3,445.2,447.5,4027.061
2026-03-01 16:00:00+00:00,447.6,449.8,433.8,437.0,8583.589
2026-03-01 20:00:00+00:00,437.1,445.1,432.0,441.7,4313.866
2026-03-02 00:00:00+00:00,441.7,454.4,441.2,450.2,4088.184
2026-03-02 04:00:00+00:00,450.3,453.7,440.0,440.7,4123.195
2026-03-02 08:00:00+00:00,440.7,446.1,436.1,437.8,5701.954
2026-03-02 12:00:00+00:00,437.9,452.2,437.1,447.6,9864.559
2026-03-02 16:00:00+00:00,447.7,453.8,442.0,444.7,7266.339
2026-03-02 20:00:00+00:00,444.7,450.9,440.6,445.3,4416.739
2026-03-03 00:00:00+00:00,445.4,448.5,439.8,444.4,3429.788
2026-03-03 04:00:00+00:00,444.4,448.2,440.1,444.4,2468.948
2026-03-03 08:00:00+00:00,444.3,444.3,434.7,437.8,4189.504
2026-03-03 12:00:00+00:00,437.9,441.7,432.2,440.3,5892.15
2026-03-03 16:00:00+00:00,440.3,445.3,436.6,441.6,3908.216
2026-03-03 20:00:00+00:00,441.6,450.1,438.2,443.9,4408.829
2026-03-04 00:00:00+00:00,443.9,445.5,439.6,442.5,3865.66
2026-03-04 04:00:00+00:00,442.5,457.7,439.0,452.2,8909.424
2026-03-04 08:00:00+00:00,452.2,462.6,449.7,458.4,8639.296
2026-03-04 12:00:00+00:00,458.5,473.0,453.0,472.6,13701.678
2026-03-04 16:00:00+00:00,472.6,476.8,463.9,471.5,5733.984
2026-03-04 20:00:00+00:00,471.5,472.1,464.6,466.9,3411.284
2026-03-05 00:00:00+00:00,466.8,467.0,456.6,460.4,6368.242
2026-03-05 04:00:00+00:00,460.5,464.5,456.4,458.7,4876.33
2026-03-05 08:00:00+00:00,458.8,467.8,458.0,463.1,4187.288
2026-03-05 12:00:00+00:00,463.2,465.0,457.8,459.1,6173.62
2026-03-05 16:00:00+00:00,459.1,463.0,454.3,456.8,5935.753
2026-03-05 20:00:00+00:00,456.8,464.3,456.8,461.6,2807.454
2026-03-06 00:00:00+00:00,461.5,463.3,457.8,460.2,4243.945
2026-03-06 04:00:00+00:00,460.2,460.5,455.8,459.5,1915.885
2026-03-06 08:00:00+00:00,459.5,459.8,453.0,453.1,1728.531
2026-03-06 12:00:00+00:00,453.1,453.9,442.2,443.2,5055.209
2026-03-06 16:00:00+00:00,443.1,453.1,442.2,450.0,7152.923
2026-03-06 20:00:00+00:00,450.0,451.5,448.2,449.7,1342.1
2026-03-07 00:00:00+00:00,449.6,452.2,448.0,448.8,1362.699
2026-03-07 04:00:00+00:00,448.7,449.7,446.6,448.5,1238.11
2026-03-07 08:00:00+00:00,448.5,452.4,448.5,450.7,2294.083
2026-03-07 12:00:00+00:00,450.7,452.6,448.6,450.2,2726.739
2026-03-07 16:00:00+00:00,450.2,452.4,445.7,446.7,2318.209
2026-03-07 20:00:00+00:00,446.7,454.1,446.0,450.2,3904.986
2026-03-08 00:00:00+00:00,450.2,451.1,445.7,448.2,2390.007
2026-03-08 04:00:00+00:00,448.2,450.4,446.2,449.9,1578.006
2026-03-08 08:00:00+00:00,449.8,455.4,448.5,448.9,2581.377
2026-03-08 12:00:00+00:00,448.8,450.2,445.0,447.0,2880.146
2026-03-08 16:00:00+00:00,447.0,448.6,443.3,447.2,1688.354
2026-03-08 20:00:00+00:00,447.2,449.8,440.4,443.1,3091.14
2026-03-09 00:00:00+00:00,443.0,454.4,442.9,450.6,3111.114
2026-03-09 04:00:00+00:00,450.7,452.7,444.7,447.5,4367.007
2026-03-09 08:00:00+00:00,447.5,451.5,446.2,449.9,2163.19
2026-03-09 12:00:00+00:00,449.9,456.9,445.5,448.8,7847.657
2026-03-09 16:00:00+00:00,448.8,453.8,448.4,450.3,4384.513
2026-03-09 20:00:00+00:00,450.4,451.3,443.6,444.6,1872.911
2026-03-10 00:00:00+00:00,444.5,454.3,443.7,447.1,5193.152
2026-03-10 04:00:00+00:00,447.1,449.5,442.7,446.2,3015.355
2026-03-10 08:00:00+00:00,446.2,452.0,445.5,446.9,5912.303
2026-03-10 12:00:00+00:00,447.0,452.3,442.6,450.7,8175.56
2026-03-10 16:00:00+00:00,450.7,452.8,444.1,445.6,3178.21
2026-03-10 20:00:00+00:00,445.6,447.5,444.0,447.1,1731.393
2026-03-11 00:00:00+00:00,447.0,449.7,445.7,447.9,2163.269
2026-03-11 04:00:00+00:00,448.0,453.4,446.6,449.3,2537.629
2026-03-11 08:00:00+00:00,449.4,450.5,447.1,448.2,1558.883
2026-03-11 12:00:00+00:00,448.2,461.2,447.0,455.5,8982.931
2026-03-11 16:00:00+00:00,455.5,458.9,454.8,457.8,1668.428
2026-03-11 20:00:00+00:00,457.7,460.5,454.6,455.1,2542.008
2026-03-12 00:00:00+00:00,455.1,458.3,451.6,453.4,2093.703
2026-03-12 04:00:00+00:00,453.4,456.0,452.8,455.4,1059.72
2026-03-12 08:00:00+00:00,455.4,460.4,454.0,458.1,1499.645
2026-03-12 12:00:00+00:00,458.2,461.5,452.4,456.2,2741.475
2026-03-12 16:00:00+00:00,456.2,458.5,453.8,456.3,2177.214
2026-03-12 20:00:00+00:00,456.3,457.7,453.2,455.2,1646.712
2026-03-13 00:00:00+00:00,455.2,475.6,454.8,467.9,20142.51
2026-03-13 04:00:00+00:00,468.0,474.5,464.3,465.9,3775.71
2026-03-13 08:00:00+00:00,465.9,471.3,464.7,470.1,3378.793
2026-03-13 12:00:00+00:00,470.1,474.4,462.9,463.5,8178.474
2026-03-13 16:00:00+00:00,463.5,465.7,461.4,463.2,2143.392
2026-03-13 20:00:00+00:00,463.3,464.8,459.6,461.0,1613.414
2026-03-14 00:00:00+00:00,460.9,461.7,457.1,461.1,1945.958
2026-03-14 04:00:00+00:00,461.2,463.1,456.6,459.2,1487.281
2026-03-14 08:00:00+00:00,459.2,462.9,454.3,460.4,3294.409
2026-03-14 12:00:00+00:00,460.4,464.4,457.0,461.5,6418.577
2026-03-14 16:00:00+00:00,461.5,464.0,461.2,463.8,1266.019
2026-03-14 20:00:00+00:00,463.8,468.5,462.6,467.6,1924.526
2026-03-15 00:00:00+00:00,467.6,468.8,460.0,465.1,4044.601
2026-03-15 04:00:00+00:00,465.1,467.0,463.4,464.7,1102.309
2026-03-15 08:00:00+00:00,464.8,469.7,464.1,468.6,2252.996
2026-03-15 12:00:00+00:00,468.5,468.5,459.8,462.7,4195.254
2026-03-15 16:00:00+00:00,462.6,464.6,460.7,461.7,1385.963
2026-03-15 20:00:00+00:00,461.6,470.7,460.8,469.7,4905.738
2026-03-16 00:00:00+00:00,469.6,475.6,465.1,471.7,3015.48
2026-03-16 04:00:00+00:00,471.6,474.4,468.5,471.8,8331.066
2026-03-16 08:00:00+00:00,471.8,475.9,469.1,474.1,4351.323
2026-03-16 12:00:00+00:00,474.2,480.1,473.4,476.2,4128.431
2026-03-16 16:00:00+00:00,476.1,482.2,475.7,479.8,2797.924
2026-03-16 20:00:00+00:00,479.9,483.8,477.0,478.8,2839.281
2026-03-17 00:00:00+00:00,478.8,481.2,473.7,475.3,3613.943
2026-03-17 04:00:00+00:00,475.3,475.9,471.3,473.7,1941.084
2026-03-17 08:00:00+00:00,473.8,475.9,472.0,475.0,2707.552
2026-03-17 12:00:00+00:00,475.0,478.0,470.8,472.8,3176.844
2026-03-17 16:00:00+00:00,472.8,477.2,472.0,474.3,1393.166
2026-03-17 20:00:00+00:00,474.4,476.3,470.2,470.7,1090.064
2026-03-18 00:00:00+00:00,470.7,472.6,469.7,470.8,1252.457
2026-03-18 04:00:00+00:00,470.8,472.6,469.1,470.0,1371.358
2026-03-18 08:00:00+00:00,470.0,471.4,462.0,462.5,3853.726
2026-03-18 12:00:00+00:00,462.4,462.4,446.5,448.5,6772.403
2026-03-18 16:00:00+00:00,448.4,456.5,446.7,452.2,3731.775
2026-03-18 20:00:00+00:00,452.2,458.2,451.1,456.9,1386.619
2026-03-19 00:00:00+00:00,456.9,460.7,453.9,457.2,1977.351
2026-03-19 04:00:00+00:00,457.2,459.1,449.7,456.3,4228.847
2026-03-19 08:00:00+00:00,456.3,460.7,454.3,455.6,3519.241
2026-03-19 12:00:00+00:00,455.6,459.4,452.1,453.6,4544.494
2026-03-19 16:00:00+00:00,453.6,458.3,451.8,456.4,2102.275
2026-03-19 20:00:00+00:00,456.3,458.6,453.5,455.6,1880.519
2026-03-20 00:00:00+00:00,455.7,465.2,454.9,464.6,3072.659
2026-03-20 04:00:00+00:00,464.5,468.1,460.5,467.2,2540.552
2026-03-20 08:00:00+00:00,467.1,471.0,458.4,467.5,6231.967
2026-03-20 12:00:00+00:00,467.6,472.2,464.2,469.0,4463.353
2026-03-20 16:00:00+00:00,469.1,470.3,464.5,468.9,1730.636
2026-03-20 20:00:00+00:00,468.9,475.2,465.3,474.6,3807.415
2026-03-21 00:00:00+00:00,474.6,477.2,470.0,470.9,2179.541
2026-03-21 04:00:00+00:00,470.9,472.2,465.5,468.2,3787.629
2026-03-21 08:00:00+00:00,468.3,470.3,466.6,468.0,1559.668
2026-03-21 12:00:00+00:00,467.9,470.3,465.8,466.1,1821.839
2026-03-21 16:00:00+00:00,466.2,470.0,465.5,467.8,1752.337
2026-03-21 20:00:00+00:00,467.7,469.4,459.7,462.6,1982.098
2026-03-22 00:00:00+00:00,462.5,469.4,457.4,464.7,5700.621
2026-03-22 04:00:00+00:00,464.6,469.3,464.4,464.7,2093.816
2026-03-22 08:00:00+00:00,464.7,468.9,463.1,465.2,4233.919
2026-03-22 12:00:00+00:00,465.2,470.0,465.0,468.8,2724.55
2026-03-22 16:00:00+00:00,468.8,469.4,464.9,465.5,1075.872
2026-03-22 20:00:00+00:00,465.6,471.4,461.0,467.4,4378.017
2026-03-23 00:00:00+00:00,467.4,473.2,464.0,468.7,3087.726
2026-03-23 04:00:00+00:00,468.7,469.3,462.6,466.4,3489.413
2026-03-23 08:00:00+00:00,466.5,486.3,464.4,476.1,9765.412
2026-03-23 12:00:00+00:00,476.2,484.5,474.5,478.1,5277.541
2026-03-23 16:00:00+00:00,478.2,480.8,475.6,476.9,2996.491
2026-03-23 20:00:00+00:00,476.9,480.2,475.8,478.0,1987.93
2026-03-24 00:00:00+00:00,478.1,478.8,471.3,474.2,4760.329
2026-03-24 04:00:00+00:00,474.2,477.4,472.4,476.9,2370.235
2026-03-24 08:00:00+00:00,476.9,480.2,468.6,473.5,7587.51
2026-03-24 12:00:00+00:00,473.5,474.9,469.7,474.3,4069.59
2026-03-24 16:00:00+00:00,474.2,475.6,471.1,474.2,2377.8
2026-03-24 20:00:00+00:00,474.1,478.6,473.1,477.4,1948.898
2026-03-25 00:00:00+00:00,477.4,479.4,476.2,479.3,2519.46
2026-03-25 04:00:00+00:00,479.3,480.1,473.8,478.3,4320.298
2026-03-25 08:00:00+00:00,478.3,480.3,477.0,477.5,2292.995
2026-03-25 12:00:00+00:00,477.6,478.7,473.3,476.4,1715.461
2026-03-25 16:00:00+00:00,476.5,479.3,473.6,474.1,2093.932
2026-03-25 20:00:00+00:00,474.2,474.8,471.4,473.6,924.533
2026-03-26 00:00:00+00:00,473.6,474.1,470.1,470.6,1507.355
2026-03-26 04:00:00+00:00,470.6,474.0,464.4,466.9,5058.987
2026-03-26 08:00:00+00:00,467.0,468.4,461.1,461.8,3406.865
2026-03-26 12:00:00+00:00,461.8,465.3,461.1,461.8,2726.465
2026-03-26 16:00:00+00:00,461.8,464.0,458.7,460.0,3074.307
2026-03-26 20:00:00+00:00,460.0,464.5,459.5,461.9,2503.509
2026-03-27 00:00:00+00:00,462.0,466.0,461.7,463.9,1240.569
2026-03-27 04:00:00+00:00,463.8,475.0,458.2,458.8,28990.078
2026-03-27 08:00:00+00:00,458.8,468.5,458.8,461.9,5925.885
2026-03-27 12:00:00+00:00,462.0,469.7,460.4,467.0,10567.368
2026-03-27 16:00:00+00:00,467.0,471.7,464.0,466.2,5963.981
2026-03-27 20:00:00+00:00,466.2,473.2,466.0,472.9,4501.294
2026-03-28 00:00:00+00:00,472.9,477.5,471.8,475.2,4637.873
2026-03-28 04:00:00+00:00,475.2,480.1,470.8,479.7,3936.614
2026-03-28 08:00:00+00:00,479.7,480.1,474.3,478.0,3864.998
2026-03-28 12:00:00+00:00,478.0,483.9,476.2,482.9,4012.369
2026-03-28 16:00:00+00:00,482.9,484.2,481.3,482.8,4136.028
2026-03-28 20:00:00+00:00,482.8,483.7,478.3,481.2,4431.962
2026-03-29 00:00:00+00:00,481.2,484.8,480.7,484.0,4474.022
2026-03-29 04:00:00+00:00,484.0,484.7,481.6,483.0,2832.646
2026-03-29 08:00:00+00:00,483.0,484.3,481.1,482.8,2885.929
2026-03-29 12:00:00+00:00,482.7,483.2,457.4,459.1,65935.78
2026-03-29 16:00:00+00:00,459.1,459.1,449.3,454.5,9954.566
2026-03-29 20:00:00+00:00,454.6,455.4,446.9,452.7,7616.322
2026-03-30 00:00:00+00:00,452.7,460.3,450.6,456.9,6089.161
2026-03-30 04:00:00+00:00,456.9,457.0,452.0,453.3,6454.969
2026-03-30 08:00:00+00:00,453.3,458.1,452.5,456.4,6764.543
2026-03-30 12:00:00+00:00,456.5,466.2,455.8,465.1,6469.928
2026-03-30 16:00:00+00:00,465.0,467.4,457.0,459.5,4664.666
2026-03-30 20:00:00+00:00,459.4,463.0,457.3,460.3,2952.655
2026-03-31 00:00:00+00:00,460.3,468.5,460.0,466.9,3382.598
2026-03-31 04:00:00+00:00,466.9,470.5,465.0,470.1,3213.159
2026-03-31 08:00:00+00:00,470.0,472.2,464.4,467.1,4726.984
2026-03-31 12:00:00+00:00,467.2,475.4,465.1,469.9,5021.626
2026-03-31 16:00:00+00:00,469.8,477.9,469.4,470.8,4340.076
2026-03-31 20:00:00+00:00,470.8,472.2,463.8,466.5,18920.269
2026-04-01 00:00:00+00:00,466.5,466.6,460.3,463.0,7500.628
2026-04-01 04:00:00+00:00,462.9,466.2,459.9,460.5,7148.571
2026-04-01 08:00:00+00:00,460.5,463.6,458.0,462.4,3810.918
2026-04-01 12:00:00+00:00,462.3,463.0,457.5,458.9,11318.751
2026-04-01 16:00:00+00:00,459.0,460.6,455.5,455.6,4191.542
2026-04-01 20:00:00+00:00,455.5,456.0,453.7,455.1,3146.537
2026-04-02 00:00:00+00:00,455.1,455.8,444.9,445.1,7417.447
2026-04-02 04:00:00+00:00,445.0,446.0,439.6,441.5,6870.17
2026-04-02 08:00:00+00:00,441.6,446.1,441.4,444.2,2688.731
2026-04-02 12:00:00+00:00,444.1,448.9,441.1,442.8,2999.385
2026-04-02 16:00:00+00:00,442.7,445.6,439.4,442.6,2378.963
2026-04-02 20:00:00+00:00,442.7,445.6,441.5,444.3,1529.774
2026-04-03 00:00:00+00:00,444.2,445.5,442.6,444.9,1047.101
2026-04-03 04:00:00+00:00,445.0,446.7,443.5,444.8,1334.009
2026-04-03 08:00:00+00:00,444.9,445.7,441.0,443.6,1464.284
2026-04-03 12:00:00+00:00,443.6,446.0,440.0,440.6,2152.882
2026-04-03 16:00:00+00:00,440.5,442.9,439.6,441.9,1529.269
2026-04-03 20:00:00+00:00,441.9,444.5,441.5,443.0,1281.267
2026-04-04 00:00:00+00:00,443.0,443.9,441.9,443.5,961.185
2026-04-04 04:00:00+00:00,443.6,444.3,442.4,442.7,1058.794
2026-04-04 08:00:00+00:00,442.7,444.0,441.8,442.6,1247.049
2026-04-04 12:00:00+00:00,442.7,445.1,442.3,442.7,1194.309
2026-04-04 16:00:00+00:00,442.7,443.3,441.0,441.2,1315.951
2026-04-04 20:00:00+00:00,441.2,442.9,440.9,441.2,1219.703
2026-04-05 00:00:00+00:00,441.1,442.5,440.0,440.5,1438.995
2026-04-05 04:00:00+00:00,440.4,440.7,434.0,435.7,4846.043
2026-04-05 08:00:00+00:00,435.7,436.4,432.5,433.0,1218.629
2026-04-05 12:00:00+00:00,433.0,433.2,420.4,421.3,7771.075
2026-04-05 16:00:00+00:00,421.3,428.1,421.0,425.5,3254.875
2026-04-05 20:00:00+00:00,425.6,429.4,421.8,428.6,4991.738
2026-04-06 00:00:00+00:00,428.7,435.2,428.7,433.0,4478.12
2026-04-06 04:00:00+00:00,433.1,437.2,432.4,436.2,2505.767
2026-04-06 08:00:00+00:00,436.2,440.6,436.0,439.1,4044.779
2026-04-06 12:00:00+00:00,439.2,440.1,436.7,438.5,2061.491
2026-04-06 16:00:00+00:00,438.5,438.8,435.7,436.6,1501.076
2026-04-06 20:00:00+00:00,436.5,439.0,432.6,435.1,2956.621
2026-04-07 00:00:00+00:00,435.0,438.0,430.7,432.5,2882.508
2026-04-07 04:00:00+00:00,432.5,433.5,429.9,431.1,1199.696
2026-04-07 08:00:00+00:00,431.1,434.7,430.6,432.4,2315.121
2026-04-07 12:00:00+00:00,432.4,435.2,430.1,433.2,3781.393
2026-04-07 16:00:00+00:00,433.1,436.2,432.3,435.6,1538.737
2026-04-07 20:00:00+00:00,435.7,448.4,435.6,445.9,6254.438
2026-04-08 00:00:00+00:00,446.0,446.6,441.8,443.1,4186.642
2026-04-08 04:00:00+00:00,443.0,446.0,442.7,444.1,2852.95
2026-04-08 08:00:00+00:00,444.2,447.6,444.0,445.9,3005.11
2026-04-08 12:00:00+00:00,445.8,449.9,442.1,445.0,5108.663
2026-04-08 16:00:00+00:00,445.0,446.1,442.3,442.7,1776.357
2026-04-08 20:00:00+00:00,442.6,444.3,440.1,441.3,1201.28
2026-04-09 00:00:00+00:00,441.3,442.1,440.0,440.9,1787.137
2026-04-09 04:00:00+00:00,441.0,445.8,438.6,443.7,3480.072
2026-04-09 08:00:00+00:00,443.7,444.4,440.2,441.1,1772.838
2026-04-09 12:00:00+00:00,441.0,442.1,433.0,441.3,8059.668
2026-04-09 16:00:00+00:00,441.3,446.9,440.4,444.9,2515.892
2026-04-09 20:00:00+00:00,445.0,446.6,442.7,443.1,1853.032
2026-04-10 00:00:00+00:00,443.2,446.2,442.2,443.2,1676.388
2026-04-10 04:00:00+00:00,443.2,443.8,437.0,437.2,2019.284
2026-04-10 08:00:00+00:00,437.2,442.6,434.3,442.5,2394.239
2026-04-10 12:00:00+00:00,442.4,445.3,440.8,442.7,2096.97
2026-04-10 16:00:00+00:00,442.8,446.8,442.8,445.8,3512.588
2026-04-10 20:00:00+00:00,445.8,446.4,443.6,443.8,1442.325
2026-04-11 00:00:00+00:00,443.7,445.3,442.8,443.2,1023.345
2026-04-11 04:00:00+00:00,443.2,443.3,439.1,440.3,1001.034
2026-04-11 08:00:00+00:00,440.3,442.1,439.0,440.0,879.26
2026-04-11 12:00:00+00:00,439.9,440.7,438.1,438.4,1100.89
2026-04-11 16:00:00+00:00,438.4,441.5,438.0,440.9,2857.847
2026-04-11 20:00:00+00:00,441.0,441.2,436.6,437.7,1916.51
2026-04-12 00:00:00+00:00,437.6,438.0,424.5,426.8,11017.164
2026-04-12 04:00:00+00:00,426.8,427.3,422.8,425.3,2285.657
2026-04-12 08:00:00+00:00,425.4,426.4,423.5,425.7,4795.524
2026-04-12 12:00:00+00:00,425.6,425.6,421.6,422.3,3154.029
2026-04-12 16:00:00+00:00,422.2,423.9,421.7,423.5,1413.154
2026-04-12 20:00:00+00:00,423.5,425.7,419.5,421.3,2759.973
2026-04-13 00:00:00+00:00,421.2,426.0,421.1,425.8,1264.294
2026-04-13 04:00:00+00:00,425.8,427.6,424.1,424.8,1230.177
2026-04-13 08:00:00+00:00,424.8,426.5,423.2,425.9,2160.215
2026-04-13 12:00:00+00:00,425.9,428.3,424.8,426.5,2811.36
2026-04-13 16:00:00+00:00,426.6,428.5,425.0,428.2,1317.476
2026-04-13 20:00:00+00:00,428.3,440.6,427.0,438.2,6721.239
2026-04-14 00:00:00+00:00,438.3,438.8,434.1,434.9,1501.102
2026-04-14 04:00:00+00:00,434.9,438.6,434.7,435.8,2469.463
2026-04-14 08:00:00+00:00,435.9,439.9,435.1,439.3,3112.508
2026-04-14 12:00:00+00:00,439.3,444.2,437.7,441.3,4267.515
2026-04-14 16:00:00+00:00,441.4,443.1,433.5,434.6,1745.129
2026-04-14 20:00:00+00:00,434.7,437.3,434.1,436.2,1077.254
2026-04-15 00:00:00+00:00,436.2,438.6,434.4,435.2,1065.866
2026-04-15 04:00:00+00:00,435.3,435.7,428.1,428.5,1608.029
2026-04-15 08:00:00+00:00,428.5,436.9,427.5,435.4,3708.201
2026-04-15 12:00:00+00:00,435.4,437.6,432.4,434.5,2264.969
2026-04-15 16:00:00+00:00,434.5,443.4,434.2,441.8,1426.314
2026-04-15 20:00:00+00:00,441.8,442.4,438.5,440.8,1499.459
2026-04-16 00:00:00+00:00,440.8,444.0,439.2,442.6,3010.561
2026-04-16 04:00:00+00:00,442.6,444.1,440.8,441.4,1848.896
2026-04-16 08:00:00+00:00,441.3,441.5,438.7,440.0,1815.015
2026-04-16 12:00:00+00:00,440.1,443.0,434.1,441.5,4308.291
2026-04-16 16:00:00+00:00,441.5,447.3,438.9,446.9,2866.315
2026-04-16 20:00:00+00:00,447.0,457.5,444.9,454.9,4601.318
2026-04-17 00:00:00+00:00,454.8,458.1,449.3,449.5,3643.469
2026-04-17 04:00:00+00:00,449.5,451.5,447.3,449.7,2412.209
2026-04-17 08:00:00+00:00,449.7,451.9,446.6,449.8,2237.166
2026-04-17 12:00:00+00:00,449.9,461.8,449.2,458.5,5805.885
2026-04-17 16:00:00+00:00,458.4,460.6,453.4,454.8,1923.805
2026-04-17 20:00:00+00:00,454.9,456.0,451.9,453.4,2913.125
2026-04-18 00:00:00+00:00,453.4,456.1,452.3,454.0,1173.52
2026-04-18 04:00:00+00:00,454.1,455.0,452.6,453.2,855.646
2026-04-18 08:00:00+00:00,453.2,453.6,444.2,445.3,2471.249
2026-04-18 12:00:00+00:00,445.2,448.0,444.4,445.8,2663.841
2026-04-18 16:00:00+00:00,445.9,447.8,443.6,444.3,1523.37
2026-04-18 20:00:00+00:00,444.3,445.3,443.3,443.5,792.382
2026-04-19 00:00:00+00:00,443.6,446.2,443.4,445.0,848.502
2026-04-19 04:00:00+00:00,445.0,445.5,439.4,441.8,2439.845
2026-04-19 08:00:00+00:00,441.7,442.8,438.1,441.1,1934.066
2026-04-19 12:00:00+00:00,441.1,444.1,440.3,443.0,1211.914
2026-04-19 16:00:00+00:00,442.9,443.2,438.0,440.3,1257.576
2026-04-19 20:00:00+00:00,440.3,440.7,433.9,435.1,2186.085
2026-04-20 00:00:00+00:00,435.3,439.4,435.2,438.5,1003.848
2026-04-20 04:00:00+00:00,438.5,442.9,436.2,441.2,1729.156
2026-04-20 08:00:00+00:00,441.3,443.0,440.0,440.4,1225.101
2026-04-20 12:00:00+00:00,440.4,443.9,439.3,442.7,1021.436
2026-04-20 16:00:00+00:00,442.7,445.2,440.1,444.3,1756.445
2026-04-20 20:00:00+00:00,444.3,446.4,443.4,443.6,1269.944
2026-04-21 00:00:00+00:00,443.6,445.2,441.2,442.1,1002.336
2026-04-21 04:00:00+00:00,442.0,445.1,441.2,444.6,1259.745
2026-04-21 08:00:00+00:00,444.6,447.0,442.9,445.2,1601.069
2026-04-21 12:00:00+00:00,445.2,447.4,443.3,445.5,2014.752
2026-04-21 16:00:00+00:00,445.6,448.0,440.5,441.2,3837.601
2026-04-21 20:00:00+00:00,441.2,449.7,440.7,448.5,2796.205
2026-04-22 00:00:00+00:00,448.6,454.2,447.5,453.0,3668.198
2026-04-22 04:00:00+00:00,453.1,471.1,453.1,469.9,11372.436
2026-04-22 08:00:00+00:00,469.9,474.0,466.1,466.9,6220.175
2026-04-22 12:00:00+00:00,467.0,467.4,461.9,465.1,4846.755
2026-04-22 16:00:00+00:00,465.2,466.9,462.5,463.1,1795.463
2026-04-22 20:00:00+00:00,463.1,464.0,460.3,460.3,2110.658
2026-04-23 00:00:00+00:00,460.3,461.0,453.9,454.9,6123.178
2026-04-23 04:00:00+00:00,454.9,457.6,454.5,455.4,2700.626
2026-04-23 08:00:00+00:00,455.3,456.7,452.5,455.9,3853.85
2026-04-23 12:00:00+00:00,455.9,459.8,454.7,458.5,2048.729
2026-04-23 16:00:00+00:00,458.5,459.0,453.6,457.2,2315.739
2026-04-23 20:00:00+00:00,457.2,460.9,457.0,460.8,1151.785
2026-04-24 00:00:00+00:00,460.9,461.7,455.2,456.6,3109.003
2026-04-24 04:00:00+00:00,456.6,457.9,455.5,456.0,1228.83
2026-04-24 08:00:00+00:00,456.1,458.4,454.5,457.6,1382.926
2026-04-24 12:00:00+00:00,457.7,461.1,456.6,460.2,1277.392
2026-04-24 16:00:00+00:00,460.3,460.9,456.2,456.5,1150.731
2026-04-24 20:00:00+00:00,456.4,458.3,455.0,456.2,1175.36
2026-04-25 00:00:00+00:00,456.2,456.5,454.4,455.4,824.788
2026-04-25 04:00:00+00:00,455.5,456.1,454.3,454.6,467.327
2026-04-25 08:00:00+00:00,454.6,455.4,452.6,453.7,986.243
2026-04-25 12:00:00+00:00,453.6,455.3,453.0,453.7,892.455
2026-04-25 16:00:00+00:00,453.7,454.3,452.1,452.6,744.726
2026-04-25 20:00:00+00:00,452.6,454.6,452.1,453.0,850.911
2026-04-26 00:00:00+00:00,453.1,453.6,451.3,452.2,1346.059
2026-04-26 04:00:00+00:00,452.2,456.3,452.1,453.6,1301.817
2026-04-26 08:00:00+00:00,453.7,454.2,452.2,452.9,656.258
2026-04-26 12:00:00+00:00,452.8,452.8,450.3,452.2,1187.262
2026-04-26 16:00:00+00:00,452.2,454.2,450.4,454.0,1039.449
2026-04-26 20:00:00+00:00,454.0,455.7,452.8,454.9,1583.913
2026-04-27 00:00:00+00:00,455.0,458.2,453.2,455.8,3234.113
2026-04-27 04:00:00+00:00,455.8,456.4,446.7,446.9,1583.84
2026-04-27 08:00:00+00:00,446.9,448.8,446.1,448.0,1134.416
2026-04-27 12:00:00+00:00,447.9,455.6,447.6,451.2,4383.463
2026-04-27 16:00:00+00:00,451.2,451.6,446.9,448.4,1607.394
2026-04-27 20:00:00+00:00,448.4,450.1,447.9,449.8,1107.391
2026-04-28 00:00:00+00:00,449.8,452.0,446.9,447.8,2351.689
2026-04-28 04:00:00+00:00,447.8,449.5,444.8,446.7,872.123
2026-04-28 08:00:00+00:00,446.6,448.2,446.3,446.7,1081.934
2026-04-28 12:00:00+00:00,446.8,448.0,442.7,446.3,1666.992
2026-04-28 16:00:00+00:00,446.2,450.1,445.4,449.9,731.635
2026-04-28 20:00:00+00:00,449.9,454.2,449.9,453.7,1316.833
2026-04-29 00:00:00+00:00,453.7,455.0,451.6,453.7,891.234
2026-04-29 04:00:00+00:00,453.8,455.6,452.5,453.2,1860.33
2026-04-29 08:00:00+00:00,453.3,455.5,452.2,454.1,1596.375
2026-04-29 12:00:00+00:00,454.1,454.1,446.4,446.9,3616.99
2026-04-29 16:00:00+00:00,446.8,449.2,441.9,445.4,2112.296
2026-04-29 20:00:00+00:00,445.4,448.3,445.0,447.5,656.468
2026-04-30 00:00:00+00:00,447.5,449.3,445.4,447.0,757.818
2026-04-30 04:00:00+00:00,446.9,447.1,442.2,445.6,1720.879
2026-04-30 08:00:00+00:00,445.6,447.2,443.5,444.7,973.551
2026-04-30 12:00:00+00:00,444.6,446.1,441.1,444.2,1454.934
2026-04-30 16:00:00+00:00,444.2,444.3,440.3,441.2,912.169
2026-04-30 20:00:00+00:00,441.2,442.2,440.5,440.9,832.281
2026-05-01 00:00:00+00:00,441.0,444.8,440.9,444.3,724.237
2026-05-01 04:00:00+00:00,444.3,445.1,442.6,443.4,1150.222
2026-05-01 08:00:00+00:00,443.4,444.1,441.8,442.9,685.45
2026-05-01 12:00:00+00:00,442.9,458.2,442.7,451.5,4925.378
2026-05-01 16:00:00+00:00,451.5,454.3,451.0,453.8,1759.141
2026-05-01 20:00:00+00:00,453.9,454.5,450.0,450.5,828.454
2026-05-02 00:00:00+00:00,450.6,453.2,450.4,451.2,633.495
2026-05-02 04:00:00+00:00,451.2,451.2,448.9,449.1,845.957
2026-05-02 08:00:00+00:00,449.0,449.8,444.4,445.2,882.853
2026-05-02 12:00:00+00:00,445.3,447.3,445.2,446.9,738.778
2026-05-02 16:00:00+00:00,446.9,447.6,445.5,446.8,574.146
2026-05-02 20:00:00+00:00,446.8,448.8,445.3,445.7,600.92
2026-05-03 00:00:00+00:00,445.6,445.9,442.4,444.0,1223.821
2026-05-03 04:00:00+00:00,444.0,444.7,443.0,443.9,824.477
2026-05-03 08:00:00+00:00,443.8,446.1,443.6,445.2,682.849
2026-05-03 12:00:00+00:00,445.2,447.5,445.2,446.4,1022.672
2026-05-03 16:00:00+00:00,446.3,446.3,444.2,444.5,464.789
2026-05-03 20:00:00+00:00,444.5,446.4,443.0,443.2,1012.342
2026-05-04 00:00:00+00:00,443.1,450.1,441.0,449.7,3474.84
2026-05-04 04:00:00+00:00,449.8,450.8,444.4,446.7,1856.812
2026-05-04 08:00:00+00:00,446.7,447.4,437.0,444.0,8264.565
2026-05-04 12:00:00+00:00,444.0,446.4,440.6,442.6,9523.256
2026-05-04 16:00:00+00:00,442.6,444.8,441.0,444.1,1516.107
2026-05-04 20:00:00+00:00,444.1,445.4,443.0,443.7,1109.55
2026-05-05 00:00:00+00:00,443.8,446.0,443.0,445.6,1375.938
2026-05-05 04:00:00+00:00,445.7,448.3,443.8,446.6,3997.155
2026-05-05 08:00:00+00:00,446.5,461.7,446.3,461.1,17723.453
2026-05-05 12:00:00+00:00,461.1,461.4,454.6,455.6,3669.252
2026-05-05 16:00:00+00:00,455.6,456.4,453.7,455.7,1006.184
2026-05-05 20:00:00+00:00,455.7,464.5,454.0,461.4,7956.852
2026-05-06 00:00:00+00:00,461.5,464.5,458.9,459.8,2727.302
2026-05-06 04:00:00+00:00,459.8,489.3,458.5,472.3,50920.154
2026-05-06 08:00:00+00:00,472.3,474.0,469.8,473.0,4242.512
2026-05-06 12:00:00+00:00,473.1,473.2,462.6,467.9,4011.295
2026-05-06 16:00:00+00:00,467.9,470.7,464.3,465.7,2250.294
2026-05-06 20:00:00+00:00,465.6,467.1,463.2,465.7,1961.026
2026-05-07 00:00:00+00:00,465.7,466.4,460.9,461.7,2068.538
2026-05-07 04:00:00+00:00,461.7,462.2,459.5,460.3,1884.762
2026-05-07 08:00:00+00:00,460.3,462.2,457.7,458.5,2770.217
2026-05-07 12:00:00+00:00,458.5,460.8,450.2,450.8,4035.723
2026-05-07 16:00:00+00:00,450.7,452.4,447.0,449.9,3636.516
2026-05-07 20:00:00+00:00,449.9,451.4,449.0,450.2,2239.818
2026-05-08 00:00:00+00:00,450.3,452.8,449.4,450.4,3235.093
2026-05-08 04:00:00+00:00,450.5,450.9,448.6,450.3,1224.064
2026-05-08 08:00:00+00:00,450.2,450.8,449.3,450.4,1507.931
2026-05-08 12:00:00+00:00,450.5,451.8,447.8,450.4,2949.724
2026-05-08 16:00:00+00:00,450.2,454.5,449.4,452.2,2836.006
2026-05-08 20:00:00+00:00,452.2,452.6,449.4,450.5,2537.832
2026-05-09 00:00:00+00:00,450.5,453.9,450.0,452.1,2988.281
2026-05-09 04:00:00+00:00,452.2,453.4,450.1,450.9,3126.313
2026-05-09 08:00:00+00:00,450.8,451.3,449.0,450.4,2144.0
2026-05-09 12:00:00+00:00,450.4,450.7,448.3,450.0,766.524
2026-05-09 16:00:00+00:00,450.0,451.4,448.3,450.3,1802.08
2026-05-09 20:00:00+00:00,450.4,450.7,449.3,449.8,689.375
2026-05-10 00:00:00+00:00,449.9,451.0,449.0,450.4,701.838
2026-05-10 04:00:00+00:00,450.4,455.7,450.0,452.9,3871.652
2026-05-10 08:00:00+00:00,453.0,455.0,452.3,453.7,1357.237
2026-05-10 12:00:00+00:00,453.8,456.8,452.4,456.5,1689.15
2026-05-10 16:00:00+00:00,456.5,462.8,456.0,462.0,3744.307
2026-05-10 20:00:00+00:00,462.0,465.4,458.0,464.3,3996.497
2026-05-11 00:00:00+00:00,464.4,465.3,451.8,453.0,2744.868
2026-05-11 04:00:00+00:00,453.0,453.3,448.3,450.1,2666.789
2026-05-11 08:00:00+00:00,450.1,451.5,448.1,450.7,2371.077
2026-05-11 12:00:00+00:00,450.7,451.8,447.9,450.5,2528.04
2026-05-11 16:00:00+00:00,450.6,451.5,448.1,450.4,3346.04
2026-05-11 20:00:00+00:00,450.4,451.0,449.4,450.2,1395.82
2026-05-12 00:00:00+00:00,450.2,450.4,442.9,445.7,6031.137
2026-05-12 04:00:00+00:00,445.7,449.0,444.6,448.6,4518.817
2026-05-12 08:00:00+00:00,448.6,449.1,437.4,440.3,8349.54
2026-05-12 12:00:00+00:00,440.2,441.0,437.5,438.5,1877.83
2026-05-12 16:00:00+00:00,438.4,440.5,436.0,440.3,1565.947
2026-05-12 20:00:00+00:00,440.3,440.6,439.0,439.6,462.605
2026-05-13 00:00:00+00:00,439.6,443.1,438.8,442.9,3799.982
2026-05-13 04:00:00+00:00,442.9,444.8,437.0,439.5,7317.186
2026-05-13 08:00:00+00:00,439.5,441.1,438.0,438.0,2219.38
2026-05-13 12:00:00+00:00,438.0,439.0,430.0,430.6,5936.235
2026-05-13 16:00:00+00:00,430.6,434.6,430.5,433.6,1758.011
2026-05-13 20:00:00+00:00,433.6,435.0,433.0,434.1,1052.055
2026-05-14 00:00:00+00:00,434.2,435.7,431.8,432.0,955.801
2026-05-14 04:00:00+00:00,432.1,435.3,431.5,433.6,644.723
2026-05-14 08:00:00+00:00,433.6,434.2,432.0,432.5,1269.562
2026-05-14 12:00:00+00:00,432.4,436.6,432.3,435.4,1605.227
2026-05-14 16:00:00+00:00,435.5,438.9,434.0,438.1,2017.544
2026-05-14 20:00:00+00:00,438.1,438.5,434.5,435.0,1568.838
2026-05-15 00:00:00+00:00,434.9,437.5,434.3,435.7,1822.862
2026-05-15 04:00:00+00:00,435.6,437.2,432.4,435.0,6947.519
2026-05-15 08:00:00+00:00,435.0,435.0,430.0,430.9,4664.062
2026-05-15 12:00:00+00:00,431.0,431.6,423.8,425.0,4364.471
2026-05-15 16:00:00+00:00,425.0,428.3,424.7,425.2,1480.932
2026-05-15 20:00:00+00:00,425.2,426.9,424.5,426.8,1533.564
2026-05-16 00:00:00+00:00,426.8,428.0,425.0,427.8,2298.029
2026-05-16 04:00:00+00:00,427.7,428.2,418.0,420.2,11784.883
2026-05-16 08:00:00+00:00,420.1,421.9,410.6,411.3,18594.689
2026-05-16 12:00:00+00:00,411.3,417.5,410.6,417.1,919.307
2026-05-16 16:00:00+00:00,417.1,418.7,416.8,417.5,672.655
2026-05-16 20:00:00+00:00,417.5,417.9,415.6,415.8,450.042
2026-05-17 00:00:00+00:00,415.8,416.6,413.1,415.2,969.997
2026-05-17 04:00:00+00:00,415.2,416.8,414.5,415.4,525.054
2026-05-17 08:00:00+00:00,415.4,416.8,413.6,414.1,620.85
2026-05-17 12:00:00+00:00,414.1,415.1,411.1,412.3,987.315
2026-05-17 16:00:00+00:00,412.3,414.1,408.1,413.7,1809.879
2026-05-17 20:00:00+00:00,413.8,414.5,400.0,404.8,6472.96
2026-05-18 00:00:00+00:00,404.8,404.8,384.5,385.3,15275.348
2026-05-18 04:00:00+00:00,385.2,387.5,362.7,365.3,39348.269
2026-05-18 08:00:00+00:00,365.3,367.1,348.3,356.6,24029.251
2026-05-18 12:00:00+00:00,356.5,380.4,355.8,372.5,36279.513
2026-05-18 16:00:00+00:00,372.6,379.3,365.9,378.3,13539.423
2026-05-18 20:00:00+00:00,378.4,383.8,372.1,378.8,7363.66
2026-05-19 00:00:00+00:00,378.8,382.4,374.9,380.1,3631.081
2026-05-19 04:00:00+00:00,380.2,385.0,377.8,381.2,3082.41
2026-05-19 08:00:00+00:00,381.2,385.3,372.6,381.1,15516.664
2026-05-19 12:00:00+00:00,381.0,386.7,360.8,364.8,21144.67
2026-05-19 16:00:00+00:00,364.9,369.7,364.8,368.0,3609.325
2026-05-19 20:00:00+00:00,368.0,370.9,367.5,370.4,2269.662
2026-05-20 00:00:00+00:00,370.4,371.5,367.4,370.0,2809.329
2026-05-20 04:00:00+00:00,370.1,371.6,367.7,370.4,3597.232
2026-05-20 08:00:00+00:00,370.5,371.7,367.1,367.3,6616.398
2026-05-20 12:00:00+00:00,367.3,371.7,364.0,370.2,3968.499
2026-05-20 16:00:00+00:00,370.2,374.2,368.6,372.8,2765.488
2026-05-20 20:00:00+00:00,372.7,375.2,371.0,373.1,2517.305
2026-05-21 00:00:00+00:00,373.2,382.0,372.9,380.4,6028.275
2026-05-21 04:00:00+00:00,380.4,381.2,376.1,377.6,1914.512
2026-05-21 08:00:00+00:00,377.5,378.5,373.2,374.7,2626.552
2026-05-21 12:00:00+00:00,374.7,380.9,374.5,379.6,4103.273
2026-05-21 16:00:00+00:00,379.7,383.5,378.0,379.6,3790.135
2026-05-21 20:00:00+00:00,379.7,381.9,379.3,380.4,921.422
2026-05-22 00:00:00+00:00,380.5,380.8,377.4,379.5,1117.118
2026-05-22 04:00:00+00:00,379.5,380.6,377.5,380.0,1635.9
2026-05-22 08:00:00+00:00,379.9,380.9,377.7,379.4,1019.878
2026-05-22 12:00:00+00:00,379.4,382.3,377.8,380.1,2417.98
2026-05-22 16:00:00+00:00,380.1,381.0,370.7,372.9,2105.288
2026-05-22 20:00:00+00:00,372.8,375.2,359.1,360.7,10836.59
2026-05-23 00:00:00+00:00,360.7,364.7,357.5,364.0,4972.629
2026-05-23 04:00:00+00:00,363.9,364.1,354.3,356.8,4339.707
2026-05-23 08:00:00+00:00,356.9,357.9,342.9,346.0,18287.837
2026-05-23 12:00:00+00:00,345.9,350.6,344.3,349.3,3167.485
2026-05-23 16:00:00+00:00,349.3,354.4,348.4,352.9,4184.503
2026-05-23 20:00:00+00:00,352.8,359.8,352.6,355.5,5089.671
2026-05-24 00:00:00+00:00,355.6,358.0,353.3,354.6,3788.78
2026-05-24 04:00:00+00:00,354.6,356.0,351.0,352.4,1821.822
2026-05-24 08:00:00+00:00,352.4,354.5,352.0,354.0,1665.796
2026-05-24 12:00:00+00:00,354.0,354.2,347.2,349.1,2564.609
2026-05-24 16:00:00+00:00,349.1,352.4,348.5,349.5,1800.758
2026-05-24 20:00:00+00:00,349.6,349.8,333.5,347.0,8112.833
2026-05-25 00:00:00+00:00,347.0,348.4,344.1,345.2,3011.309
2026-05-25 04:00:00+00:00,345.3,351.8,344.5,351.0,2683.857
2026-05-25 08:00:00+00:00,351.0,352.5,349.4,349.6,1701.795
2026-05-25 12:00:00+00:00,349.7,352.4,347.8,349.7,1826.205
2026-05-25 16:00:00+00:00,349.8,351.1,349.2,350.9,1067.95
2026-05-25 20:00:00+00:00,350.9,352.2,348.7,351.7,1116.87
2026-05-26 00:00:00+00:00,351.8,351.9,344.1,346.3,2134.382
2026-05-26 04:00:00+00:00,346.4,352.6,345.7,349.4,2047.045
2026-05-26 08:00:00+00:00,349.5,355.2,348.8,353.6,3708.01
2026-05-26 12:00:00+00:00,353.6,354.8,348.2,349.6,4977.248
2026-05-26 16:00:00+00:00,349.5,349.7,342.7,346.0,1997.489
2026-05-26 20:00:00+00:00,346.1,346.8,343.3,343.4,2019.864
2026-05-27 00:00:00+00:00,343.4,345.7,342.4,343.1,1439.006
2026-05-27 04:00:00+00:00,343.0,346.3,340.0,345.7,3249.263
2026-05-27 08:00:00+00:00,345.8,346.3,342.3,342.7,2585.467
2026-05-27 12:00:00+00:00,342.8,347.5,338.5,345.5,5620.525
2026-05-27 16:00:00+00:00,345.6,346.6,340.1,343.7,860.066
2026-05-27 20:00:00+00:00,343.6,344.2,332.0,334.8,3540.282
2026-05-28 00:00:00+00:00,334.7,336.2,331.1,333.6,9359.48
2026-05-28 04:00:00+00:00,333.5,333.5,322.8,326.7,27348.968
2026-05-28 08:00:00+00:00,326.8,326.9,287.8,301.3,57775.012
2026-05-28 12:00:00+00:00,301.3,304.1,293.1,296.1,18835.598
2026-05-28 16:00:00+00:00,296.1,305.9,296.1,300.4,7921.487
2026-05-28 20:00:00+00:00,300.5,303.5,296.1,300.3,8694.157
2026-05-29 00:00:00+00:00,300.2,303.5,299.7,303.1,4906.462
2026-05-29 04:00:00+00:00,303.0,309.4,301.1,306.0,7595.934
2026-05-29 08:00:00+00:00,306.0,312.4,298.1,299.1,53930.89
2026-05-29 12:00:00+00:00,299.1,309.5,296.6,305.9,10319.868
2026-05-29 16:00:00+00:00,305.9,307.9,302.5,304.3,5736.797
2026-05-29 20:00:00+00:00,304.3,305.8,300.4,302.3,4488.439
2026-05-30 00:00:00+00:00,302.3,306.2,302.3,303.2,5023.993
2026-05-30 04:00:00+00:00,303.1,304.0,296.8,302.1,7755.569
2026-05-30 08:00:00+00:00,302.2,304.6,301.2,303.6,1611.228
2026-05-30 12:00:00+00:00,303.6,307.6,303.1,306.2,3080.675
2026-05-30 16:00:00+00:00,306.3,308.1,305.6,306.3,1377.478
2026-05-30 20:00:00+00:00,306.3,306.9,302.0,303.7,1634.982
2026-05-31 00:00:00+00:00,303.7,304.9,302.2,304.1,3785.036
2026-05-31 04:00:00+00:00,304.1,306.4,303.4,305.9,3507.445
2026-05-31 08:00:00+00:00,305.9,308.2,303.5,303.5,12590.169
2026-05-31 12:00:00+00:00,303.6,304.9,298.7,299.4,14092.663
2026-05-31 16:00:00+00:00,299.5,301.2,297.5,301.0,2671.389
2026-05-31 20:00:00+00:00,301.0,304.2,300.0,302.9,2337.629
2026-06-01 00:00:00+00:00,302.8,304.8,296.9,301.0,6628.1
2026-06-01 04:00:00+00:00,300.8,302.0,287.2,289.1,11638.157
2026-06-01 08:00:00+00:00,289.2,290.2,278.1,280.5,13691.342
2026-06-01 12:00:00+00:00,280.6,287.7,280.6,286.9,5881.111
2026-06-01 16:00:00+00:00,286.9,293.2,285.4,291.9,4079.804
2026-06-01 20:00:00+00:00,291.9,294.0,288.7,293.8,2771.744
2026-06-02 00:00:00+00:00,293.9,294.1,286.3,291.8,5456.537
2026-06-02 04:00:00+00:00,291.8,291.9,284.4,287.2,2598.705
2026-06-02 08:00:00+00:00,287.2,287.8,282.0,283.4,4172.806
2026-06-02 12:00:00+00:00,283.5,288.1,279.5,281.6,7764.015
2026-06-02 16:00:00+00:00,281.5,287.2,276.4,281.4,7150.6
2026-06-02 20:00:00+00:00,281.4,284.7,265.1,268.7,21072.666
2026-06-03 00:00:00+00:00,268.7,271.6,241.9,247.3,61932.219
2026-06-03 04:00:00+00:00,247.4,255.9,243.8,251.7,80751.024
2026-06-03 08:00:00+00:00,251.7,254.5,247.3,249.1,84757.543
2026-06-03 12:00:00+00:00,249.1,251.0,242.8,247.0,27688.981
2026-06-03 16:00:00+00:00,247.1,252.1,241.8,243.6,22372.023
2026-06-03 20:00:00+00:00,243.6,248.1,239.5,243.3,48323.34
2026-06-04 00:00:00+00:00,243.3,249.7,230.2,246.6,36109.087
2026-06-04 04:00:00+00:00,246.7,248.6,241.6,243.9,12144.181
2026-06-04 08:00:00+00:00,244.0,247.4,238.8,245.2,17932.934
2026-06-04 12:00:00+00:00,245.3,252.0,244.2,246.3,11188.278
2026-06-04 16:00:00+00:00,246.2,252.1,244.4,250.2,7102.608
2026-06-04 20:00:00+00:00,250.2,250.3,241.6,245.6,5930.218
2026-06-05 00:00:00+00:00,245.5,246.1,239.0,239.5,8358.861
2026-06-05 04:00:00+00:00,239.6,241.9,218.3,225.7,27676.62
2026-06-05 08:00:00+00:00,225.7,232.5,221.7,223.0,10896.642
2026-06-05 12:00:00+00:00,222.9,224.9,213.5,214.4,19483.598
2026-06-05 16:00:00+00:00,214.3,221.3,209.4,216.3,15441.182
2026-06-05 20:00:00+00:00,216.3,221.8,207.9,210.0,14402.454
2026-06-06 00:00:00+00:00,209.9,215.9,209.8,211.4,8474.75
2026-06-06 04:00:00+00:00,211.4,225.9,202.0,222.1,38702.473
2026-06-06 08:00:00+00:00,222.2,227.2,216.6,219.7,11181.693
2026-06-06 12:00:00+00:00,219.7,220.7,215.4,217.4,5871.075
2026-06-06 16:00:00+00:00,217.3,218.0,213.0,214.1,4836.981
2026-06-06 20:00:00+00:00,214.2,218.2,213.2,217.4,2578.481
2026-06-07 00:00:00+00:00,217.4,221.7,215.7,221.7,6213.328
2026-06-07 04:00:00+00:00,221.7,226.6,220.7,223.6,7687.435
2026-06-07 08:00:00+00:00,223.6,229.7,221.7,224.1,6342.233
2026-06-07 12:00:00+00:00,224.0,226.3,220.5,224.1,5436.112
2026-06-07 16:00:00+00:00,224.2,225.7,218.5,219.6,4696.059
2026-06-07 20:00:00+00:00,219.5,234.6,219.1,230.3,13148.13
2026-06-08 00:00:00+00:00,230.3,231.6,220.0,221.3,19048.043
2026-06-08 04:00:00+00:00,221.4,224.0,215.3,217.1,71882.315
2026-06-08 08:00:00+00:00,217.1,217.1,199.1,207.5,186417.768
2026-06-08 12:00:00+00:00,207.4,213.9,204.4,210.2,35563.866
2026-06-08 16:00:00+00:00,210.2,212.8,206.4,210.9,18854.751
2026-06-08 20:00:00+00:00,210.9,214.3,208.7,209.4,13792.744
2026-06-09 00:00:00+00:00,209.4,209.6,203.9,207.7,15755.54
2026-06-09 04:00:00+00:00,207.6,211.0,205.0,210.2,10594.637
2026-06-09 08:00:00+00:00,210.2,210.7,204.7,207.0,8619.064
2026-06-09 12:00:00+00:00,207.0,207.7,201.6,202.2,10181.215
2026-06-09 16:00:00+00:00,202.1,205.9,201.0,205.2,13489.884
2026-06-09 20:00:00+00:00,205.1,206.1,202.1,203.4,3383.299
2026-06-10 00:00:00+00:00,203.4,204.5,200.0,202.1,8372.61
2026-06-10 04:00:00+00:00,202.1,202.2,196.6,199.4,8944.45
2026-06-10 08:00:00+00:00,199.4,199.6,193.3,194.0,14581.267
2026-06-10 12:00:00+00:00,194.0,202.5,193.5,202.0,11388.269
2026-06-10 16:00:00+00:00,202.1,202.1,195.3,195.5,7479.411
2026-06-10 20:00:00+00:00,195.5,196.7,191.7,194.5,7723.653
2026-06-11 00:00:00+00:00,194.4,202.7,192.6,201.2,15163.146
2026-06-11 04:00:00+00:00,201.3,202.7,199.5,200.6,12345.189
2026-06-11 08:00:00+00:00,200.7,202.6,199.7,201.8,15096.384
2026-06-11 12:00:00+00:00,201.7,201.8,198.5,199.6,8233.235
2026-06-11 16:00:00+00:00,199.6,206.0,199.0,204.8,14976.984
2026-06-11 20:00:00+00:00,204.9,209.8,202.6,205.3,9755.199
2026-06-12 00:00:00+00:00,205.3,206.3,203.7,205.1,4198.448
2026-06-12 04:00:00+00:00,205.2,206.9,201.6,202.7,4316.661
2026-06-12 08:00:00+00:00,202.8,205.8,202.8,204.7,4143.762
2026-06-12 12:00:00+00:00,204.6,209.1,202.0,205.1,10193.754
2026-06-12 16:00:00+00:00,205.2,206.5,203.5,204.1,11290.896
2026-06-12 20:00:00+00:00,204.2,205.5,201.0,202.2,4312.654
2026-06-13 00:00:00+00:00,202.2,204.2,201.8,203.1,3009.34
2026-06-13 04:00:00+00:00,203.1,208.8,200.9,207.7,9085.177
2026-06-13 08:00:00+00:00,207.7,208.6,206.3,207.9,5530.976
2026-06-13 12:00:00+00:00,207.9,209.7,207.7,208.7,6360.518
2026-06-13 16:00:00+00:00,208.8,208.8,205.9,207.5,3609.966
2026-06-13 20:00:00+00:00,207.5,209.7,207.0,208.7,2565.255
2026-06-14 00:00:00+00:00,208.7,209.5,207.8,208.9,3334.402
2026-06-14 04:00:00+00:00,208.9,208.9,202.2,203.4,7444.853
2026-06-14 08:00:00+00:00,203.5,204.7,202.4,204.2,4369.684
2026-06-14 12:00:00+00:00,204.2,204.8,199.6,201.6,5214.599
2026-06-14 16:00:00+00:00,201.6,202.6,196.7,199.0,7127.924
2026-06-14 20:00:00+00:00,199.1,210.8,198.6,210.7,16529.163
2026-06-15 00:00:00+00:00,210.6,212.6,209.5,211.8,7945.776
2026-06-15 04:00:00+00:00,211.8,214.0,210.1,212.2,4757.548
2026-06-15 08:00:00+00:00,212.3,228.7,212.1,228.4,16558.026
2026-06-15 12:00:00+00:00,228.3,231.1,223.5,227.3,21978.741
2026-06-15 16:00:00+00:00,227.2,227.3,220.6,224.3,6809.141
2026-06-15 20:00:00+00:00,224.3,228.4,223.1,224.6,7246.036
2026-06-16 00:00:00+00:00,224.5,225.8,219.6,222.8,8922.954
2026-06-16 04:00:00+00:00,222.8,225.9,219.2,224.8,25003.467
2026-06-16 08:00:00+00:00,224.7,228.2,217.0,218.2,18203.615
2026-06-16 12:00:00+00:00,218.3,221.9,213.1,216.1,21191.065
2026-06-16 16:00:00+00:00,216.1,219.8,215.6,218.4,4428.35
2026-06-16 20:00:00+00:00,218.4,223.9,212.5,214.1,20358.964
2026-06-17 00:00:00+00:00,214.0,217.5,212.6,214.3,13978.86
2026-06-17 04:00:00+00:00,214.3,215.9,213.8,215.1,4370.64
2026-06-17 08:00:00+00:00,215.1,215.1,211.1,211.9,6280.774
2026-06-17 12:00:00+00:00,211.9,216.3,210.2,216.1,8823.955
2026-06-17 16:00:00+00:00,216.1,218.2,208.5,209.3,9961.449
2026-06-17 20:00:00+00:00,209.2,213.3,208.8,212.5,3965.831
2026-06-18 00:00:00+00:00,212.6,215.4,211.4,211.6,3447.068
2026-06-18 04:00:00+00:00,211.6,211.8,206.1,209.6,8180.0
2026-06-18 08:00:00+00:00,209.6,210.6,206.8,207.2,3514.205
2026-06-18 12:00:00+00:00,207.3,207.7,192.8,195.0,31817.202
2026-06-18 16:00:00+00:00,194.9,198.5,194.6,198.2,11856.059
2026-06-18 20:00:00+00:00,198.2,200.2,196.5,199.7,7304.411
2026-06-19 00:00:00+00:00,199.7,200.0,193.2,194.8,9522.813
2026-06-19 04:00:00+00:00,194.7,195.8,192.9,193.9,7143.35
2026-06-19 08:00:00+00:00,193.9,195.4,192.9,195.2,8651.179
2026-06-19 12:00:00+00:00,195.3,199.0,194.0,196.9,8721.843
2026-06-19 16:00:00+00:00,197.0,198.5,195.8,197.3,2840.586
2026-06-19 20:00:00+00:00,197.4,198.9,196.4,198.6,3016.785
2026-06-20 00:00:00+00:00,198.6,199.7,197.0,197.6,3383.355
2026-06-20 04:00:00+00:00,197.6,200.9,197.2,199.9,3337.618
2026-06-20 08:00:00+00:00,199.9,200.0,197.3,198.5,2542.369
2026-06-20 12:00:00+00:00,198.4,200.8,195.6,200.1,5728.077
2026-06-20 16:00:00+00:00,200.2,200.3,197.8,198.6,2512.937
2026-06-20 20:00:00+00:00,198.7,200.7,198.1,200.1,1688.907
2026-06-21 00:00:00+00:00,200.1,200.2,198.2,199.8,1668.822
2026-06-21 04:00:00+00:00,199.8,200.2,198.3,199.0,1619.813
2026-06-21 08:00:00+00:00,199.0,199.3,196.9,198.0,2918.85
2026-06-21 12:00:00+00:00,198.0,200.1,197.5,199.8,1663.127
2026-06-21 16:00:00+00:00,199.7,199.7,197.9,198.7,1134.671
2026-06-21 20:00:00+00:00,198.6,198.9,194.4,194.9,4388.137
2026-06-22 00:00:00+00:00,195.0,201.7,194.9,198.6,3693.842
2026-06-22 04:00:00+00:00,198.7,200.5,198.1,199.4,2249.235
2026-06-22 08:00:00+00:00,199.4,201.8,198.9,201.1,2738.675
2026-06-22 12:00:00+00:00,201.2,205.3,200.4,201.3,9552.452
2026-06-22 16:00:00+00:00,201.4,201.6,197.5,198.8,4588.455
2026-06-22 20:00:00+00:00,198.9,199.8,196.1,197.7,3239.891
2026-06-23 00:00:00+00:00,197.6,198.4,193.4,195.9,67099.55
2026-06-23 04:00:00+00:00,195.9,196.4,189.2,191.0,12761.59
2026-06-23 08:00:00+00:00,191.0,192.0,186.4,191.1,11895.984
2026-06-23 12:00:00+00:00,191.2,193.2,189.4,190.4,13673.853
2026-06-23 16:00:00+00:00,190.4,192.1,189.5,191.9,3436.04
2026-06-23 20:00:00+00:00,191.9,195.0,191.8,194.6,3112.463
2026-06-24 00:00:00+00:00,194.7,196.6,194.2,194.3,5320.028
2026-06-24 04:00:00+00:00,194.3,196.1,192.9,194.5,5464.775
2026-06-24 08:00:00+00:00,194.6,194.8,191.1,193.6,5223.875
2026-06-24 12:00:00+00:00,193.6,194.3,187.8,187.9,9443.12
2026-06-24 16:00:00+00:00,187.9,189.9,181.0,185.0,19159.181
2026-06-24 20:00:00+00:00,184.9,190.9,184.5,190.4,5146.319
2026-06-25 00:00:00+00:00,190.5,191.8,190.0,191.4,4155.194
2026-06-25 04:00:00+00:00,191.4,195.8,190.8,195.0,6622.665
2026-06-25 08:00:00+00:00,195.1,197.2,193.2,194.1,5272.528
2026-06-25 12:00:00+00:00,194.1,196.1,182.4,189.2,19836.278
2026-06-25 16:00:00+00:00,189.3,191.6,186.7,187.3,5118.055
2026-06-25 20:00:00+00:00,187.4,193.8,187.2,193.1,3865.745
2026-06-26 00:00:00+00:00,193.1,193.9,184.9,191.8,11048.664
2026-06-26 04:00:00+00:00,191.9,196.2,190.7,195.8,7891.127
2026-06-26 08:00:00+00:00,195.9,196.2,192.5,193.3,9325.259
2026-06-26 12:00:00+00:00,193.4,201.8,191.4,200.4,9919.675
2026-06-26 16:00:00+00:00,200.4,203.0,197.2,197.7,5163.181
2026-06-26 20:00:00+00:00,197.8,199.4,196.8,197.3,4076.5
2026-06-27 00:00:00+00:00,197.4,197.9,194.4,196.7,5418.762
2026-06-27 04:00:00+00:00,196.8,198.2,196.7,197.2,2830.15
2026-06-27 08:00:00+00:00,197.3,197.6,195.6,196.4,1968.894
2026-06-27 12:00:00+00:00,196.3,200.1,196.1,199.6,2623.072
2026-06-27 16:00:00+00:00,199.6,199.9,196.0,196.7,1956.671
2026-06-27 20:00:00+00:00,196.8,198.2,194.8,195.5,1892.415
2026-06-28 00:00:00+00:00,195.4,198.0,193.6,194.9,6388.367
2026-06-28 04:00:00+00:00,194.9,195.1,192.3,193.4,1998.674
2026-06-28 08:00:00+00:00,193.4,195.0,192.2,193.7,1515.631
2026-06-28 12:00:00+00:00,193.7,194.3,192.1,193.2,1414.74
2026-06-28 16:00:00+00:00,193.3,193.3,189.5,190.6,2649.666
2026-06-28 20:00:00+00:00,190.5,192.4,188.3,191.0,3443.945
2026-06-29 00:00:00+00:00,191.0,195.0,188.5,194.2,3416.634
2026-06-29 04:00:00+00:00,194.2,198.5,192.0,196.8,4405.781
2026-06-29 08:00:00+00:00,196.7,198.0,194.9,196.6,3712.407
2026-06-29 12:00:00+00:00,196.6,199.4,193.8,196.4,6667.685
2026-06-29 16:00:00+00:00,196.5,203.0,195.6,202.4,4192.374
2026-06-29 20:00:00+00:00,202.5,203.0,200.1,201.2,1968.991
2026-06-30 00:00:00+00:00,201.3,201.7,198.3,199.7,3355.511
2026-06-30 04:00:00+00:00,199.6,200.7,198.3,200.5,2605.518
2026-06-30 08:00:00+00:00,200.6,202.1,198.4,199.4,7579.102
2026-06-30 12:00:00+00:00,199.4,201.4,194.3,200.5,9204.353
2026-06-30 16:00:00+00:00,200.4,202.6,198.3,200.5,5928.99
2026-06-30 20:00:00+00:00,200.4,200.9,198.7,200.0,1864.364
2026-07-01 00:00:00+00:00,200.1,210.4,196.0,207.6,9491.05
2026-07-01 04:00:00+00:00,207.6,208.0,201.8,203.2,6206.403
2026-07-01 08:00:00+00:00,203.2,207.2,201.9,203.8,4694.279
2026-07-01 12:00:00+00:00,203.9,218.7,201.9,214.9,14967.873
2026-07-01 16:00:00+00:00,214.9,216.4,211.3,212.5,5131.097
2026-07-01 20:00:00+00:00,212.6,218.9,208.3,210.1,8621.1
2026-07-02 00:00:00+00:00,210.1,218.6,210.0,218.1,6304.48
2026-07-02 04:00:00+00:00,218.1,218.2,213.3,213.6,6693.143
2026-07-02 08:00:00+00:00,213.6,219.4,213.1,216.3,10592.243
2026-07-02 12:00:00+00:00,216.3,219.8,214.7,217.8,9922.653
2026-07-02 16:00:00+00:00,217.8,223.0,216.4,220.0,8900.344
2026-07-02 20:00:00+00:00,220.0,221.8,219.2,220.4,3264.747
2026-07-03 00:00:00+00:00,220.3,226.3,219.4,221.2,9263.811
2026-07-03 04:00:00+00:00,221.1,224.7,220.0,224.3,3208.384
2026-07-03 08:00:00+00:00,224.3,228.2,222.8,226.5,9158.318
2026-07-03 12:00:00+00:00,226.5,230.1,224.6,227.6,7681.39
2026-07-03 16:00:00+00:00,227.7,229.5,226.4,227.6,4304.872
2026-07-03 20:00:00+00:00,227.6,231.0,227.5,229.5,4448.306
2026-07-04 00:00:00+00:00,229.4,229.4,225.8,226.7,4151.562
2026-07-04 04:00:00+00:00,226.6,228.2,225.8,226.8,2780.994
2026-07-04 08:00:00+00:00,226.8,226.9,224.1,226.0,2346.844
2026-07-04 12:00:00+00:00,226.0,232.8,225.5,232.5,6497.392
2026-07-04 16:00:00+00:00,232.5,234.9,230.8,234.0,4932.161
2026-07-04 20:00:00+00:00,234.0,237.8,230.9,236.1,9263.014
2026-07-05 00:00:00+00:00,236.1,241.1,234.2,236.5,7916.001
2026-07-05 04:00:00+00:00,236.5,242.0,236.1,240.9,7695.356
2026-07-05 08:00:00+00:00,240.8,242.8,236.1,236.8,6952.396
2026-07-05 12:00:00+00:00,236.9,242.1,235.2,237.7,7915.851
2026-07-05 16:00:00+00:00,237.7,249.5,237.0,248.2,6698.417
2026-07-05 20:00:00+00:00,248.1,248.2,242.1,244.4,7791.226
2026-07-06 00:00:00+00:00,244.4,245.6,239.5,241.5,4621.013
2026-07-06 04:00:00+00:00,241.5,244.1,238.6,240.6,6024.282
2026-07-06 08:00:00+00:00,240.6,242.6,236.3,237.0,8256.154
2026-07-06 12:00:00+00:00,237.1,240.3,234.6,239.8,8831.523
2026-07-06 16:00:00+00:00,239.8,248.9,239.3,246.2,7379.869
2026-07-06 20:00:00+00:00,246.3,251.1,241.1,242.1,6432.646
2026-07-07 00:00:00+00:00,242.1,243.0,237.0,238.0,7715.855
2026-07-07 04:00:00+00:00,238.0,240.7,237.8,238.7,3165.794
2026-07-07 08:00:00+00:00,238.7,239.9,237.8,239.6,1991.376
2026-07-07 12:00:00+00:00,239.5,243.1,234.7,242.9,6600.775
2026-07-07 16:00:00+00:00,243.0,245.0,239.9,243.4,4050.682
2026-07-07 20:00:00+00:00,243.5,243.6,238.1,239.4,3284.26
2026-07-08 00:00:00+00:00,239.4,241.8,236.3,236.5,5946.825
2026-07-08 04:00:00+00:00,236.6,239.4,236.3,238.3,3002.453
2026-07-08 08:00:00+00:00,238.4,238.8,228.9,234.7,8610.551
2026-07-08 12:00:00+00:00,234.8,234.8,230.1,232.0,8386.324
2026-07-08 16:00:00+00:00,232.0,236.9,231.6,235.0,2411.145
2026-07-08 20:00:00+00:00,234.9,237.0,232.4,235.4,3676.916
2026-07-09 00:00:00+00:00,235.4,236.9,231.4,234.1,5277.168
2026-07-09 04:00:00+00:00,234.0,240.7,233.8,239.4,4745.658
2026-07-09 08:00:00+00:00,239.5,239.8,235.7,237.2,3385.416
2026-07-09 12:00:00+00:00,237.2,238.8,236.3,237.0,2848.601
2026-07-09 16:00:00+00:00,237.1,241.0,235.2,238.0,4140.473
2026-07-09 20:00:00+00:00,238.1,238.8,236.8,237.8,1428.631
2026-07-10 00:00:00+00:00,237.9,243.2,237.0,242.4,2706.982
2026-07-10 04:00:00+00:00,242.3,243.7,241.8,243.4,2584.568
2026-07-10 08:00:00+00:00,243.5,250.1,243.5,248.2,4985.57
2026-07-10 12:00:00+00:00,248.2,255.1,247.5,249.6,12465.266
2026-07-10 16:00:00+00:00,249.5,250.0,244.8,246.0,5291.008
2026-07-10 20:00:00+00:00,246.0,246.9,244.9,245.2,2100.67
2026-07-11 00:00:00+00:00,245.2,246.1,243.5,245.9,1975.672
2026-07-11 04:00:00+00:00,245.8,245.9,244.1,244.4,1976.546
2026-07-11 08:00:00+00:00,244.4,247.6,244.2,246.9,3836.319
2026-07-11 12:00:00+00:00,246.8,250.3,246.7,248.3,6441.232
2026-07-11 16:00:00+00:00,248.2,250.1,246.4,248.2,3696.229
2026-07-11 20:00:00+00:00,248.2,248.3,244.0,244.0,2000.699
2026-07-12 00:00:00+00:00,243.9,246.8,243.3,246.0,2440.319
2026-07-12 04:00:00+00:00,246.1,246.4,243.3,244.6,3129.23
2026-07-12 08:00:00+00:00,244.6,247.9,243.7,246.3,2259.739
2026-07-12 12:00:00+00:00,246.3,247.5,244.9,245.5,2197.286
2026-07-12 16:00:00+00:00,245.4,247.1,244.1,246.8,2926.741
2026-07-12 20:00:00+00:00,246.8,247.2,239.0,240.3,8122.655
2026-07-13 00:00:00+00:00,240.2,244.9,234.9,236.4,5166.434
2026-07-13 04:00:00+00:00,236.3,237.5,235.2,237.2,4738.581
2026-07-13 08:00:00+00:00,237.2,239.6,237.2,237.7,2031.829
2026-07-13 12:00:00+00:00,237.7,240.0,236.0,237.2,4897.304
2026-07-13 16:00:00+00:00,237.1,237.9,234.6,236.2,1975.574
2026-07-13 20:00:00+00:00,236.1,236.6,233.0,236.5,2420.066
2026-07-14 00:00:00+00:00,236.5,237.6,231.2,233.7,5386.072
2026-07-14 04:00:00+00:00,233.7,237.6,232.9,234.9,3553.861
2026-07-14 08:00:00+00:00,234.9,238.3,234.7,237.9,1671.514
2026-07-14 12:00:00+00:00,238.0,242.3,237.4,239.2,7125.203
2026-07-14 16:00:00+00:00,239.2,239.8,235.9,236.0,2700.484
2026-07-14 20:00:00+00:00,236.0,237.6,235.4,236.8,2457.173
2026-07-15 00:00:00+00:00,236.9,237.0,231.3,233.5,3697.524
2026-07-15 04:00:00+00:00,233.6,238.3,232.7,235.1,5495.37
2026-07-15 08:00:00+00:00,235.2,237.2,234.2,235.4,2199.813
2026-07-15 12:00:00+00:00,235.5,238.2,233.7,234.6,4503.379
2026-07-15 16:00:00+00:00,234.6,234.9,225.8,227.7,9998.95
2026-07-15 20:00:00+00:00,227.7,229.5,222.3,223.1,7117.586
2026-07-16 00:00:00+00:00,223.1,224.4,220.2,220.9,8938.222
2026-07-16 04:00:00+00:00,220.8,227.3,220.5,224.6,19848.359
2026-07-16 08:00:00+00:00,224.5,224.5,219.4,222.2,15031.411
2026-07-16 12:00:00+00:00,222.2,224.3,220.4,222.9,6457.36
2026-07-16 16:00:00+00:00,222.9,224.2,220.8,222.5,3554.039
2026-07-16 20:00:00+00:00,222.6,223.4,220.7,221.9,2866.684
2026-07-17 00:00:00+00:00,222.0,224.6,221.4,223.0,4035.172
2026-07-17 04:00:00+00:00,222.9,224.1,221.1,222.2,16714.161
2026-07-17 08:00:00+00:00,222.1,223.6,217.0,218.4,6330.201
2026-07-17 12:00:00+00:00,218.5,219.2,213.8,216.9,16903.654
2026-07-17 16:00:00+00:00,216.9,220.8,215.8,220.1,8095.994
2026-07-17 20:00:00+00:00,220.0,221.6,219.0,219.7,2280.762
2026-07-18 00:00:00+00:00,219.8,220.4,218.4,219.3,2089.432
2026-07-18 04:00:00+00:00,219.4,219.9,218.3,218.9,1506.002
2026-07-18 08:00:00+00:00,218.8,219.8,217.0,219.5,3034.684
2026-07-18 12:00:00+00:00,219.6,222.0,218.5,219.8,2746.877
2026-07-18 16:00:00+00:00,219.9,221.3,218.6,220.3,3397.938
2026-07-18 20:00:00+00:00,220.3,221.0,219.7,220.2,1842.119
2026-07-19 00:00:00+00:00,220.1,220.5,218.3,218.5,1563.979
2026-07-19 04:00:00+00:00,218.4,219.7,217.7,218.1,1620.122
2026-07-19 08:00:00+00:00,218.1,218.5,217.0,217.3,2309.195
2026-07-19 12:00:00+00:00,217.3,217.5,214.2,216.1,5062.619
2026-07-19 16:00:00+00:00,216.1,218.0,215.1,217.8,1964.55
2026-07-19 20:00:00+00:00,217.9,217.9,214.1,215.3,2380.517
2026-07-20 00:00:00+00:00,215.3,215.5,211.6,214.1,5050.205
2026-07-20 04:00:00+00:00,214.1,214.1,209.8,212.6,4140.345
2026-07-20 08:00:00+00:00,212.6,215.5,211.1,214.9,4041.87
2026-07-20 12:00:00+00:00,214.9,219.0,214.2,217.9,4812.487
2026-07-20 16:00:00+00:00,218.0,218.4,216.5,217.8,2727.718
2026-07-20 20:00:00+00:00,217.8,221.3,217.7,219.9,4647.162
2026-07-21 00:00:00+00:00,219.9,223.8,219.7,223.6,4235.606
2026-07-21 04:00:00+00:00,223.5,225.1,222.7,223.9,4362.551
2026-07-21 08:00:00+00:00,223.9,225.8,223.3,225.3,2891.137
2026-07-21 12:00:00+00:00,225.3,226.8,223.7,225.7,5061.48
2026-07-21 16:00:00+00:00,225.6,225.9,223.5,224.0,3077.202
2026-07-21 20:00:00+00:00,224.0,225.1,223.2,223.9,1375.751
2026-07-22 00:00:00+00:00,224.0,225.6,223.6,224.3,3016.894
2026-07-22 04:00:00+00:00,224.2,225.2,220.3,220.9,2595.239
2026-07-22 08:00:00+00:00,220.8,222.8,220.7,221.3,2098.809
2026-07-22 12:00:00+00:00,221.3,222.6,219.6,220.8,3788.48
2026-07-22 16:00:00+00:00,220.7,221.5,218.5,219.4,1944.328
2026-07-22 20:00:00+00:00,219.3,220.9,218.8,220.0,1560.785
2026-07-23 00:00:00+00:00,220.0,220.5,217.7,218.1,1098.771
2026-07-23 04:00:00+00:00,218.1,218.4,215.4,216.0,1661.867
2026-07-23 08:00:00+00:00,216.0,217.5,215.6,216.3,4602.852
2026-07-23 12:00:00+00:00,216.3,216.9,213.5,214.4,5539.51
2026-07-23 16:00:00+00:00,214.3,214.3,208.2,210.1,6271.096
2026-07-23 20:00:00+00:00,210.1,213.0,209.8,211.8,2435.072
2026-07-24 00:00:00+00:00,211.8,212.3,209.4,211.7,2769.691
2026-07-24 04:00:00+00:00,211.8,213.4,210.8,212.5,2411.009
2026-07-24 08:00:00+00:00,212.5,212.5,209.8,210.3,2458.437
2026-07-24 12:00:00+00:00,210.2,210.8,207.6,209.8,3692.794
2026-07-24 16:00:00+00:00,209.8,210.4,208.3,209.6,2609.213
2026-07-24 20:00:00+00:00,209.5,211.1,208.7,211.0,1313.033
2026-07-25 00:00:00+00:00,211.0,211.4,210.2,210.9,1518.347
2026-07-25 04:00:00+00:00,211.0,213.0,209.8,211.5,6071.892
2026-07-25 08:00:00+00:00,211.6,211.6,209.3,210.6,6252.369
2026-07-25 12:00:00+00:00,210.6,211.5,209.5,209.9,2103.29
2026-07-25 16:00:00+00:00,209.9,210.6,209.4,209.5,1279.314
2026-07-25 20:00:00+00:00,209.5,210.4,209.1,209.8,919.759
2026-07-26 00:00:00+00:00,209.8,211.8,209.1,210.9,2300.336
2026-07-26 04:00:00+00:00,211.0,211.6,209.2,210.1,1665.733
2026-07-26 08:00:00+00:00,210.1,211.7,209.7,210.9,1984.185
2026-07-26 12:00:00+00:00,210.9,212.5,210.5,212.5,2871.537
2026-07-26 16:00:00+00:00,212.5,219.1,211.9,217.3,4852.239
2026-07-26 20:00:00+00:00,217.3,217.6,214.3,217.1,2874.014
2026-07-27 00:00:00+00:00,217.1,219.0,214.7,216.1,2906.839
2026-07-27 04:00:00+00:00,216.0,219.0,216.0,216.6,3840.711
2026-07-27 08:00:00+00:00,216.5,219.8,214.2,219.2,10691.533
2026-07-27 12:00:00+00:00,219.2,220.2,213.3,215.4,8848.971
2026-07-27 16:00:00+00:00,215.4,216.9,213.8,215.8,2265.436
2026-07-27 20:00:00+00:00,215.8,216.5,210.9,211.8,3872.804
2026-07-28 00:00:00+00:00,212.0,215.4,211.4,213.7,2601.506
2026-07-28 04:00:00+00:00,213.6,214.1,212.1,212.8,2736.122
2026-07-28 08:00:00+00:00,212.7,214.6,211.9,212.7,3688.159
2026-07-28 12:00:00+00:00,212.7,215.2,209.3,214.7,8014.976
2026-07-28 16:00:00+00:00,214.6,214.9,211.9,213.6,2482.054
2026-07-28 20:00:00+00:00,213.6,214.9,212.7,214.3,1358.186
2026-07-29 00:00:00+00:00,214.3,216.2,211.1,211.5,2432.846
2026-07-29 04:00:00+00:00,211.5,216.0,210.9,214.2,4387.904
2026-07-29 08:00:00+00:00,214.3,214.3,211.4,212.2,1411.417
2026-07-29 12:00:00+00:00,212.2,212.4,209.4,210.9,3647.62
2026-07-29 16:00:00+00:00,210.9,212.5,205.7,206.0,5216.3
2026-07-29 20:00:00+00:00,206.0,212.5,204.4,211.5,3801.862
2026-07-30 00:00:00+00:00,211.5,211.7,208.3,210.4,1594.741
2026-07-30 04:00:00+00:00,210.3,211.2,209.6,209.6,1298.121
2026-07-30 08:00:00+00:00,209.6,211.4,209.5,211.2,2044.363
2026-07-30 12:00:00+00:00,211.2,221.5,211.1,219.9,11549.297
2026-07-30 16:00:00+00:00,219.9,222.0,218.4,218.7,3823.402
2026-07-30 20:00:00+00:00,218.6,219.2,215.9,217.0,3849.775
2026-07-31 00:00:00+00:00,216.9,218.3,214.0,214.6,2497.91
2026-07-31 04:00:00+00:00,214.6,215.1,212.1,213.9,1840.015
2026-07-31 08:00:00+00:00,213.9,214.2,205.0,207.5,9313.102
2026-07-31 12:00:00+00:00,207.6,208.1,205.5,207.5,3995.157
2026-07-31 16:00:00+00:00,207.5,210.0,207.4,208.5,2778.43
2026-07-31 20:00:00+00:00,208.5,210.5,208.3,210.0,1698.756
2026-08-01 00:00:00+00:00,210.1,212.6,209.0,211.2,2439.899
2026-08-01 04:00:00+00:00,211.3,211.8,210.3,210.7,1111.569
2026-08-01 08:00:00+00:00,210.6,211.3,207.9,208.5,2581.552
2026-08-01 12:00:00+00:00,208.4,208.8,207.3,207.8,1363.001
2026-08-01 16:00:00+00:00,207.8,208.5,205.9,206.6,3097.7
2026-08-01 20:00:00+00:00,206.6,209.0,206.5,208.1,1072.918
2026-08-02 00:00:00+00:00,208.1,209.7,207.2,209.2,1367.718
2026-08-02 04:00:00+00:00,209.2,213.2,209.1,212.1,5468.351
2026-08-02 08:00:00+00:00,212.2,213.0,211.3,211.8,1375.439
2026-08-02 12:00:00+00:00,211.9,213.4,211.7,213.2,1043.7
2026-08-02 16:00:00+00:00,213.2,214.4,212.3,214.1,1491.198
2026-08-02 20:00:00+00:00,214.0,214.9,211.8,212.9,1059.124
2026-08-03 00:00:00+00:00,212.7,212.9,210.2,210.8,1030.062
2026-08-03 04:00:00+00:00,210.8,211.9,209.8,210.0,1461.259
2026-08-03 08:00:00+00:00,210.0,211.0,208.6,209.8,1458.261
2026-08-03 12:00:00+00:00,209.9,211.8,209.4,211.3,3697.089
2026-08-03 16:00:00+00:00,211.4,215.4,210.8,213.8,2932.579
2026-08-03 20:00:00+00:00,213.9,214.8,213.0,213.2,1387.938
2026-08-04 00:00:00+00:00,213.2,214.1,211.4,213.2,1652.572
2026-08-04 04:00:00+00:00,213.2,214.6,212.8,213.2,1403.421
2026-08-04 08:00:00+00:00,213.2,214.3,212.6,214.3,1613.233
2026-08-04 12:00:00+00:00,214.2,214.8,212.6,214.1,2783.882
2026-08-04 16:00:00+00:00,214.1,214.7,212.2,214.3,1746.201
2026-08-04 20:00:00+00:00,214.3,214.6,213.1,213.4,802.233
2026-08-05 00:00:00+00:00,213.4,214.0,210.8,211.3,1916.022
2026-08-05 04:00:00+00:00,211.2,212.4,210.0,210.8,1144.037
2026-08-05 08:00:00+00:00,210.7,214.8,210.1,213.2,7786.168
2026-08-05 12:00:00+00:00,213.2,215.0,211.8,212.7,3675.258
2026-08-05 16:00:00+00:00,212.7,215.9,212.5,215.8,1835.08
2026-08-05 20:00:00+00:00,215.8,217.4,213.9,214.6,2144.554
2026-08-06 00:00:00+00:00,214.7,214.9,212.4,214.1,3716.488
2026-08-06 04:00:00+00:00,214.0,215.7,214.0,214.7,1164.229
2026-08-06 08:00:00+00:00,214.7,215.4,211.1,211.9,3747.741
2026-08-06 12:00:00+00:00,211.9,214.3,210.8,214.0,1281.016
2026-08-06 16:00:00+00:00,214.0,215.3,213.1,213.6,1180.089
2026-08-06 20:00:00+00:00,213.5,214.1,212.0,212.8,1036.369
2026-08-07 00:00:00+00:00,212.7,214.2,212.5,213.1,1475.966
2026-08-07 04:00:00+00:00,213.0,216.0,212.8,215.1,2313.059
2026-08-07 08:00:00+00:00,215.2,216.8,215.2,216.6,1513.199
2026-08-07 12:00:00+00:00,216.7,218.2,214.7,215.9,3147.715
2026-08-07 16:00:00+00:00,216.0,216.6,214.4,216.5,830.026
2026-08-07 20:00:00+00:00,216.4,217.0,214.8,214.8,1355.817
2026-08-08 00:00:00+00:00,214.8,216.8,214.4,216.7,1194.697
2026-08-08 04:00:00+00:00,216.8,217.1,215.9,216.7,989.869
2026-08-08 08:00:00+00:00,216.7,217.6,216.3,216.7,979.451
2026-08-08 12:00:00+00:00,216.7,218.8,216.3,217.6,1488.647
2026-08-08 16:00:00+00:00,217.7,217.8,216.3,217.0,698.991
2026-08-08 20:00:00+00:00,216.9,217.1,215.5,216.2,681.405
2026-08-09 00:00:00+00:00,216.2,217.3,214.7,215.1,997.677
2026-08-09 04:00:00+00:00,215.1,215.6,214.8,215.2,654.216
2026-08-09 08:00:00+00:00,215.2,217.0,215.2,216.4,982.219
2026-08-09 12:00:00+00:00,216.3,218.5,216.0,218.5,1182.291
2026-08-09 16:00:00+00:00,218.5,218.6,216.3,216.4,986.808
2026-08-09 20:00:00+00:00,216.3,217.8,213.9,214.8,1174.806
2026-08-10 00:00:00+00:00,214.7,216.5,214.5,215.7,662.256
2026-08-10 04:00:00+00:00,215.8,217.5,215.4,216.9,1339.398
2026-08-10 08:00:00+00:00,216.8,217.0,215.4,216.2,666.376
2026-08-10 12:00:00+00:00,216.3,216.4,213.2,214.2,1802.871
2026-08-10 16:00:00+00:00,214.2,214.4,213.0,213.1,1103.926
2026-08-10 20:00:00+00:00,213.1,213.5,212.4,213.3,601.502
2026-08-11 00:00:00+00:00,213.3,216.1,213.0,215.4,1536.406
2026-08-11 04:00:00+00:00,215.4,215.7,214.2,215.6,1007.117
2026-08-11 08:00:00+00:00,215.6,215.6,214.4,214.7,2264.304
2026-08-11 12:00:00+00:00,214.7,214.7,211.1,211.5,2673.316
2026-08-11 16:00:00+00:00,211.4,212.7,211.1,212.7,862.695
2026-08-11 20:00:00+00:00,212.7,214.1,212.6,213.8,781.738
2026-08-12 00:00:00+00:00,213.8,214.6,213.1,213.4,892.083
2026-08-12 04:00:00+00:00,213.4,213.8,212.7,213.4,377.517
2026-08-12 08:00:00+00:00,213.2,215.3,213.2,215.3,963.072
2026-08-12 12:00:00+00:00,215.4,216.8,213.1,213.7,2344.929
2026-08-12 16:00:00+00:00,213.6,214.6,213.2,213.9,909.522
2026-08-12 20:00:00+00:00,213.9,214.2,211.5,212.9,909.866
2026-08-13 00:00:00+00:00,212.8,216.3,212.6,215.2,1342.793
2026-08-13 04:00:00+00:00,215.2,215.6,214.5,215.6,1112.381
2026-08-13 08:00:00+00:00,215.7,216.1,212.8,213.5,2935.481
2026-08-13 12:00:00+00:00,213.4,214.5,207.1,208.5,6523.042
2026-08-13 16:00:00+00:00,208.6,209.1,205.2,206.2,7776.399
2026-08-13 20:00:00+00:00,206.3,207.1,205.4,206.6,2525.593
2026-08-14 00:00:00+00:00,206.7,207.4,205.3,205.6,2347.346
2026-08-14 04:00:00+00:00,205.6,207.1,205.5,205.7,1162.978
2026-08-14 08:00:00+00:00,205.7,206.1,204.6,205.5,1745.818
2026-08-14 12:00:00+00:00,205.4,205.5,199.7,201.6,8523.593
2026-08-14 16:00:00+00:00,201.7,204.2,201.4,203.2,2660.621
2026-08-14 20:00:00+00:00,203.2,205.0,203.1,204.9,2346.602
2026-08-15 00:00:00+00:00,205.0,206.7,203.7,206.0,3389.597
2026-08-15 04:00:00+00:00,206.0,206.6,205.3,205.9,635.223
2026-08-15 08:00:00+00:00,205.9,206.2,204.4,204.8,990.169
2026-08-15 12:00:00+00:00,204.8,206.8,204.3,205.2,49566.967
2026-08-15 16:00:00+00:00,205.3,207.3,202.7,204.0,13947.218
2026-08-15 20:00:00+00:00,204.0,204.2,203.4,203.7,1994.199
2026-08-16 00:00:00+00:00,203.7,204.1,203.0,203.4,2672.587
2026-08-16 04:00:00+00:00,203.4,203.9,202.8,203.8,1205.025
2026-08-16 08:00:00+00:00,203.8,204.4,203.6,204.0,849.706
2026-08-16 12:00:00+00:00,204.0,204.8,203.9,204.7,1181.686
2026-08-16 16:00:00+00:00,204.7,205.0,203.6,203.8,1221.025
2026-08-16 20:00:00+00:00,203.9,204.1,201.9,204.0,2499.405
2026-08-17 00:00:00+00:00,204.0,205.0,203.7,204.7,3436.604
2026-08-17 04:00:00+00:00,204.7,205.9,204.6,205.5,3290.358
2026-08-17 08:00:00+00:00,205.5,205.6,203.9,204.7,1190.642
2026-08-17 12:00:00+00:00,204.8,205.7,203.3,205.0,2467.241
2026-08-17 16:00:00+00:00,205.1,205.8,204.0,204.2,2122.345
2026-08-17 20:00:00+00:00,204.2,205.6,204.1,205.5,1257.708
2026-08-18 00:00:00+00:00,205.5,205.5,202.5,203.2,1537.618
2026-08-18 04:00:00+00:00,203.2,204.7,202.8,204.1,1039.173
2026-08-18 08:00:00+00:00,204.0,204.3,203.2,203.3,1474.38
2026-08-18 12:00:00+00:00,203.4,205.0,202.8,204.3,1552.772
2026-08-18 16:00:00+00:00,204.3,204.9,203.8,204.3,693.162
2026-08-18 20:00:00+00:00,204.3,204.4,203.4,203.7,641.98
2026-08-19 00:00:00+00:00,203.5,204.0,201.8,203.7,1413.745
2026-08-19 04:00:00+00:00,203.6,203.7,202.1,203.1,2809.697
2026-08-19 08:00:00+00:00,203.1,205.1,202.7,203.9,1702.275
2026-08-19 12:00:00+00:00,204.0,210.2,203.1,204.8,63919.648
2026-08-19 16:00:00+00:00,204.9,208.5,204.8,207.3,5647.929
2026-08-19 20:00:00+00:00,207.3,214.0,206.8,213.3,57742.876
2026-08-20 00:00:00+00:00,213.3,214.3,208.5,210.5,42548.389
2026-08-20 04:00:00+00:00,210.5,214.5,210.4,213.5,14627.59
2026-08-20 08:00:00+00:00,213.5,218.2,213.4,215.9,23298.956
2026-08-20 12:00:00+00:00,216.0,223.1,214.4,222.2,13740.695
2026-08-20 16:00:00+00:00,222.2,226.7,219.9,219.9,9899.006
2026-08-20 20:00:00+00:00,220.0,223.7,219.6,223.1,4921.877
2026-08-21 00:00:00+00:00,223.0,228.7,223.0,227.5,23960.034
2026-08-21 04:00:00+00:00,227.6,263.4,227.2,262.3,59257.092
2026-08-21 08:00:00+00:00,262.3,269.4,254.8,263.4,42526.65
2026-08-21 12:00:00+00:00,263.5,287.7,259.3,287.1,42494.511
2026-08-21 16:00:00+00:00,287.1,301.3,282.6,283.3,43725.382
2026-08-21 20:00:00+00:00,283.3,294.5,273.9,288.5,22493.603
2026-08-22 00:00:00+00:00,288.5,305.6,286.1,296.3,29628.681
2026-08-22 04:00:00+00:00,296.3,300.5,262.1,282.7,46432.851
2026-08-22 08:00:00+00:00,282.8,284.7,269.9,277.7,14785.531
2026-08-22 12:00:00+00:00,277.6,280.8,273.0,275.4,10773.328
2026-08-22 16:00:00+00:00,275.4,283.8,274.9,280.4,5240.813
2026-08-22 20:00:00+00:00,280.4,280.8,272.3,276.6,3826.292
2026-08-23 00:00:00+00:00,276.6,280.1,270.7,272.9,10406.951
2026-08-23 04:00:00+00:00,272.8,274.9,262.7,267.4,15434.208
2026-08-23 08:00:00+00:00,267.3,275.6,266.8,275.0,8805.869
2026-08-23 12:00:00+00:00,274.9,278.1,269.4,273.3,8766.361
2026-08-23 16:00:00+00:00,273.3,275.2,271.8,272.4,3075.629
2026-08-23 20:00:00+00:00,272.4,277.9,271.7,274.2,5886.684
2026-08-24 00:00:00+00:00,274.2,278.3,268.7,269.0,9534.926
2026-08-24 04:00:00+00:00,269.0,271.4,266.1,266.5,5548.551
2026-08-24 08:00:00+00:00,266.5,275.8,264.7,274.5,11316.302
2026-08-24 12:00:00+00:00,274.4,286.0,271.0,274.1,25686.754
2026-08-24 16:00:00+00:00,274.2,277.3,262.1,270.0,16814.653
2026-08-24 20:00:00+00:00,270.1,272.8,268.6,271.0,6399.759
2026-08-25 00:00:00+00:00,270.9,281.8,270.3,276.3,10126.416
2026-08-25 04:00:00+00:00,276.2,280.4,267.2,268.4,18817.995
2026-08-25 08:00:00+00:00,268.5,271.6,266.7,269.7,3811.444
2026-08-25 12:00:00+00:00,269.7,269.9,265.2,269.0,6334.288
2026-08-25 16:00:00+00:00,269.0,269.4,265.3,266.9,2028.222
2026-08-25 20:00:00+00:00,266.9,267.3,260.6,265.9,3335.637
2026-08-26 00:00:00+00:00,266.0,270.8,265.8,268.0,2624.262
2026-08-26 04:00:00+00:00,267.9,267.9,264.2,264.9,3411.846
2026-08-26 08:00:00+00:00,264.8,267.8,263.3,266.4,3113.632
2026-08-26 12:00:00+00:00,266.5,268.1,259.4,262.0,4766.097
2026-08-26 16:00:00+00:00,262.0,263.1,257.9,261.8,6083.996
2026-08-26 20:00:00+00:00,261.8,269.2,260.3,268.9,1981.717
2026-08-27 00:00:00+00:00,268.9,269.6,265.8,266.2,1882.656
2026-08-27 04:00:00+00:00,266.2,269.3,264.5,268.9,4414.113
2026-08-27 08:00:00+00:00,268.9,274.1,266.9,268.3,11253.734
2026-08-27 12:00:00+00:00,268.3,272.3,267.7,271.2,6609.555
2026-08-27 16:00:00+00:00,271.2,273.8,267.6,269.4,5571.491
2026-08-27 20:00:00+00:00,269.3,270.8,268.6,269.7,3457.481
2026-08-28 00:00:00+00:00,269.6,272.2,263.4,264.2,5847.043
2026-08-28 04:00:00+00:00,264.2,265.6,262.8,263.1,4060.849
2026-08-28 08:00:00+00:00,263.1,265.8,261.2,264.9,3495.941
2026-08-28 12:00:00+00:00,264.9,265.2,249.0,249.4,25699.554
2026-08-28 16:00:00+00:00,249.5,250.1,244.0,247.7,10578.683
2026-08-28 20:00:00+00:00,247.6,248.7,246.4,248.1,2498.848
2026-08-29 00:00:00+00:00,248.0,248.9,245.4,246.9,2878.646
2026-08-29 04:00:00+00:00,246.9,247.4,244.5,245.0,2292.975
2026-08-29 08:00:00+00:00,245.0,245.1,242.6,242.8,4624.364
2026-08-29 12:00:00+00:00,242.8,247.1,242.5,244.8,4361.634
2026-08-29 16:00:00+00:00,244.9,247.8,244.5,247.1,3954.717
2026-08-29 20:00:00+00:00,247.2,247.8,245.9,247.2,1404.066
2026-08-30 00:00:00+00:00,247.2,247.3,245.0,245.4,1426.286
2026-08-30 04:00:00+00:00,245.3,246.2,244.3,245.0,1660.514
2026-08-30 08:00:00+00:00,244.9,246.8,244.7,246.4,1781.14
2026-08-30 12:00:00+00:00,246.4,254.4,246.4,252.6,9941.171
2026-08-30 16:00:00+00:00,252.7,255.4,250.7,251.6,4898.022
2026-08-30 20:00:00+00:00,251.6,252.3,239.1,243.4,8638.142
2026-08-31 00:00:00+00:00,243.3,245.5,241.4,244.8,3824.718
2026-08-31 04:00:00+00:00,244.8,247.8,243.5,247.2,4779.841
2026-08-31 08:00:00+00:00,247.1,249.0,246.2,246.4,4133.35
2026-08-31 12:00:00+00:00,246.4,247.9,243.2,245.5,5482.369
2026-08-31 16:00:00+00:00,245.5,249.5,244.5,247.5,5598.931
2026-08-31 20:00:00+00:00,247.4,248.6,246.1,247.2,1729.62
2026-09-01 00:00:00+00:00,247.1,248.8,246.1,247.7,1393.584
2026-09-01 04:00:00+00:00,247.7,251.9,247.5,250.8,4276.524
2026-09-01 08:00:00+00:00,250.9,251.1,244.9,249.0,6945.439
2026-09-01 12:00:00+00:00,249.1,250.1,245.8,248.7,6655.537
2026-09-01 16:00:00+00:00,248.7,248.7,243.0,246.7,4999.774
2026-09-01 20:00:00+00:00,246.8,246.9,244.3,246.0,2724.217
2026-09-02 00:00:00+00:00,246.1,250.2,243.4,248.9,5093.131
2026-09-02 04:00:00+00:00,249.0,249.7,247.0,247.5,3757.311
2026-09-02 08:00:00+00:00,247.6,247.6,242.5,244.9,3049.555
2026-09-02 12:00:00+00:00,244.8,246.2,241.6,242.9,3590.089
2026-09-02 16:00:00+00:00,242.9,245.0,241.3,244.1,4461.762
2026-09-02 20:00:00+00:00,244.2,245.4,242.0,244.6,2772.75
2026-09-03 00:00:00+00:00,244.6,248.4,242.3,247.5,5661.849
2026-09-03 04:00:00+00:00,247.5,251.5,245.9,250.4,8182.953
2026-09-03 08:00:00+00:00,250.4,252.4,247.9,250.0,3680.531
2026-09-03 12:00:00+00:00,250.0,259.4,249.1,258.6,13997.855
2026-09-03 16:00:00+00:00,258.8,260.3,255.0,259.5,6216.322
2026-09-03 20:00:00+00:00,259.5,261.4,256.4,256.6,5309.572
